Object ID,Name of site,Place,Region,Site description,Campsite category,Number of powered sites,Number of unpowered sites,Bookable,Free,Facilities,Activities,Dogs alllowed,Landscape type,Access by,Has alerts,URL to thumbnail,URL to webpage,Description of place,x,y,DOC system ID,Date loaded to GIS,GlobalID,x2,y2
185358,Kiosk Creek Campsite,Fiordland National Park,Fiordland,There are spectacular views of glacial moraine deposits at this Fiordland campsite.,Standard,0,10,Yes,,"Fire pit/place for campfires (except in fire bans), Non-powered/tent sites, Toilets - non-flush, Toilets",,No dogs. <a href=""https://www.doc.govt.nz/parks-and-recreation/know-before-you-go/pets-on-conservati,,"Campervan, Car, Caravan",Refer to DOC website for current alerts,https://www.doc.govt.nz/thumbs/large/link/abb47a31f10d4eaea63ca1547351fb29.aspx,https://www.doc.govt.nz/link/48d5461385ce4e75a35bd2e1254dfc6f.aspx,Located in Fiordland National Park,1207153,5009087,100065488,3/31/2026 9:09:32 AM,dcd92271-cd00-4690-8b52-2ab09bf2589e,1207152.99995682,5009087.00061727
185359,Butchers Flat Campsite,Mount Richmond Forest Park,Marlborough,"This grassy, flat camping area was once a gold mining area and is great for picnicking or swimming. You'll also find walking and mountain biking opportunities nearby.",Standard,0,20,Yes,,"Non-powered/tent sites, Water from tap - not treated, boil before use, Toilets - non-flush, Toilets, Water supply","Mountain biking, Picnicking, Swimming, Walking and tramping",Dogs with a DOC permit only. Contact closest <a href=""#contacts"">DOC office</a> to get a permit. <a ,Rivers and lakes,"Campervan, Car",Refer to DOC website for current alerts,https://www.doc.govt.nz/thumbs/large/link/fd76a102f4044c8087b89a7675f22132.aspx,https://www.doc.govt.nz/link/7029023d398e4f19b3d99c2ad2bb695f.aspx,Located in Mount Richmond Forest Park,1649697,5419298,100066095,3/31/2026 9:09:32 AM,0591f7c8-1eb6-4185-a493-1749d1901109,1649697.00000001,5419298.00000095
185360,Wentworth Valley Campground,Coromandel Forest Park,Coromandel,"Once a large gold mining settlement with houses, shops and schools, this is now a remote but comfortable campsite. ",Standard,0,0,Yes,,Toilets,,Not Applicable,,,Refer to DOC website for current alerts,https://www.doc.govt.nz/thumbs/large/link/ac77db097cd64dccb60b432aa731c0b7.jpg,https://www.doc.govt.nz/link/eebb2451f4a44bea8f095dbd995f2274.aspx,Located in Coromandel Forest Park,1849966,5874024,100044315,3/31/2026 9:09:32 AM,4d916814-812b-40bf-8d6d-b933b5f8180d,1849966.00000636,5874024.00000707
185361,Ōtaki Forks Campsite,Ōtaki Forks area,Wellington/Kapiti,"One of the main entrances to Tararua Forest Park, the campsite is surrounded by open river terraces and regenerating bush.",Standard,0,150,Yes,,"Non-powered/tent sites, Toilets - flush, Water from tap - not treated, boil before use, Wheelchair accessible, Toilets, Water supply","Fishing, Kayaking and canoeing, Swimming, Walking and tramping",Dogs on a leash only. <a href=""https://www.doc.govt.nz/parks-and-recreation/know-before-you-go/pets-,"Forest, Rivers and lakes","Campervan, Car, Caravan",Refer to DOC website for current alerts,https://www.doc.govt.nz/thumbs/large/link/c0ba9da08a9548f2b5d6c243930e68e5.jpg,https://www.doc.govt.nz/link/5deef331a18b408db4e1f86c43d13434.aspx,Located in Ōtaki Forks area,1787221,5471991,100031362,3/31/2026 9:09:32 AM,d97f8b68-9173-4864-b562-0ac57bdd42b7,1787221.40470148,5471991.09960185
185362,Piano Flat Campsite,Waikaia Forest Conservation Area,Southland,"This is a riverside campsite in a farmland area. There are walks and tramps from here or go horse riding, biking, hunting or on 4WD excursions.",Standard,0,50,Yes,,"BBQ, Fire pit/place for campfires (except in fire bans), Non-powered/tent sites, Water from stream, Toilets - non-flush, Toilets, Water supply","Four wheel driving, Horse riding, Mountain biking",Dogs on a leash only. <a href=""https://www.doc.govt.nz/parks-and-recreation/know-before-you-go/pets-,Rivers and lakes,"Campervan, Car, Caravan",Refer to DOC website for current alerts,https://www.doc.govt.nz/thumbs/large/link/c1517d5755b14fd3893bf59827ddc2b4.jpg,https://www.doc.govt.nz/link/70ab946ce5474bdfbff48ec87d759e78.aspx,Located in Waikaia Forest Conservation Area,1289053,4946997,100066033,3/31/2026 9:09:32 AM,dc983693-ef67-4d9e-b3a3-5ca5561c2ba9,1289052.99998129,4946997.00010322
185363,Lyell Campsite,Lyell area,West Coast,"The site of the historic gold-rush town of Lyell, this large, grassed campsite is easily accessible. Explore the gold workings at settlements of Gibbstown (2 hr return), Zalatown and 8 Mile, plus the Alpine Battery site.",Standard,0,18,Yes,,"BBQ, Non-powered/tent sites, Water from tap - not treated, boil before use, Wheelchair accessible with assistance, Toilets - non-flush, Toilets, Water supply",Walking and tramping,Dogs on a leash only. <a href=""https://www.doc.govt.nz/parks-and-recreation/know-before-you-go/pets-,,"Campervan, Car, Caravan",Refer to DOC website for current alerts,https://www.doc.govt.nz/thumbs/large/link/1a5fc4edde9b440491dff59b666e6f6d.jpg,https://www.doc.govt.nz/link/18af6f4c747049988b450066d4bc061e.aspx,Located in Lyell area,1520990,5372328,100043484,3/31/2026 9:09:32 AM,6df97466-1952-4cbe-878b-75303fee4a8d,1520989.99999998,5372328.00000097
185364,The Green Campsite,Great Barrier Island/Aotea,Auckland,A small campsite on the sheltered and scenic waters of Whangaparapara Harbour. This is a walk-in or boat-in campsite.,Standard,0,15,Yes,,"Non-powered/tent sites, Shelter for cooking, Water from tap - not treated, boil before use, Toilets - non-flush, Toilets, Water supply",,No dogs. <a href=""https://www.doc.govt.nz/parks-and-recreation/know-before-you-go/pets-on-conservati,Coastal,"Boat, Foot",Refer to DOC website for current alerts,https://www.doc.govt.nz/thumbs/large/link/75cb5eb037d24ff8b1d25b6c9b5ac387.jpg,https://www.doc.govt.nz/link/43a7ad2e4af7493d8db660b59bf75af3.aspx,Located in Great Barrier Island/Aotea,1815389,5987076,100044417,3/31/2026 9:09:32 AM,c4fc5a14-dfae-4a1f-b1d8-14c7315e279b,1815389.00000269,5987076.00000223
185365,Awana Beach Campsite,Great Barrier Island/Aotea,Auckland,"This campsite is near Awana Beach, one of the island's most popular places to surf.",Standard,0,60,Yes,,"Non-powered/tent sites, Shelter for cooking, Shower - cold, Water from tap - not treated, boil before use, Toilets - non-flush, Toilets, Water supply",Kayaking and canoeing,No dogs. <a href=""https://www.doc.govt.nz/parks-and-recreation/know-before-you-go/pets-on-conservati,Coastal,"Campervan, Car, Caravan",Refer to DOC website for current alerts,https://www.doc.govt.nz/thumbs/large/link/73bd41d2ef67420f871e80539f36a2ca.jpg,https://www.doc.govt.nz/link/f8a213f8ccc8458485daa7eaf7a1df7d.aspx,Located in Great Barrier Island/Aotea,1822809,5990750,100044955,3/31/2026 9:09:32 AM,595ce47f-1673-4a1d-b88f-2877435f88ba,1822809.00000323,5990750.00000278
185366,Thicket Burn Campsite,Fiordland National Park,Fiordland,"This is a basic campsite in southern Fiordland. On the edge of the park 5 km from Lake Hauroko, New Zealand’s deepest lake. Fish, swim, or tramp nearby.",Basic,0,20,No,,"Fire pit/place for campfires (except in fire bans), Non-powered/tent sites, Water from tap - not treated, boil before use, Toilets - non-flush, Toilets, Water supply",Fishing,No dogs. <a href=""https://www.doc.govt.nz/parks-and-recreation/know-before-you-go/pets-on-conservati,Rivers and lakes,"Campervan, Car, Caravan",Refer to DOC website for current alerts,https://www.doc.govt.nz/thumbs/large/link/20eb635c7da54c70901a295848b6e931.jpg,https://www.doc.govt.nz/link/755d59b6789046848bf4ea41b6f5f8fa.aspx,Located in Fiordland National Park,1170715,4890119,100066034,3/31/2026 9:09:33 AM,2aad3ab3-7cd2-40ca-8c6b-2748be75c130,1170714.99039615,4890119.00146939
185367,Lake Ōkareka Campsite,Lake Ōkareka Scenic Reserve,Bay of Plenty,This lakeside campsite  is only 15 min from Rotorua. You can swim or fish in the lake.,Standard,0,12,No,,"Non-powered/tent sites, Shelter for cooking, Water from stream, Wheelchair accessible with assistance, Toilets - non-flush, Toilets, Water supply","Fishing, Swimming",No dogs. <a href=""https://www.doc.govt.nz/parks-and-recreation/know-before-you-go/pets-on-conservati,,"Boat, Campervan, Car",Refer to DOC website for current alerts,https://www.doc.govt.nz/thumbs/large/link/394bf65f8a06418393108d7ed92ab857.jpg,https://www.doc.govt.nz/link/18c5279fbafb4035a29eea6e514e75aa.aspx,Located in Lake Ōkareka Scenic Reserve,1894453,5770867,100084979,3/31/2026 9:09:33 AM,dd05ea5b-927c-4eff-b116-c74e9b5a309b,1894453.00001621,5770867.00002712
185368,Orari Campsite,Geraldine area,Canterbury,Orari Campsite is closed and bookings are not available.,Standard,0,0,Yes,,Toilets,,No dogs. <a href=""https://www.doc.govt.nz/parks-and-recreation/know-before-you-go/pets-on-conservati,,,Refer to DOC website for current alerts,https://www.doc.govt.nz/images/no-photo/no-photo-220x140.jpg,https://www.doc.govt.nz/link/bf9ce4fbe68b4ef4a9c0cd9926e3a2a8.aspx,Located in Geraldine area,1454436,5127884,100043669,3/31/2026 9:09:33 AM,7f09afad-32f2-4858-982c-0975d940ce53,1454435.99999958,5127884.00000125
185369,Trounson Kauri Park Campground,Trounson Kauri Park,Northland,A serviced campground in the Kauri Coast area. Camp beside a small but beautiful kauri stand. There are many walking tracks nearby.,Serviced,8,12,Yes,,"Cookers/electric stove, Non-powered/tent sites, Powered sites, Shelter for cooking, Shower - hot, Toilets - flush, Water from tap - not treated, boil before use, Wheelchair accessible, Toilets, Water supply","Bird and wildlife watching, Walking and tramping",No dogs. <a href=""https://www.doc.govt.nz/parks-and-recreation/know-before-you-go/pets-on-conservati,Forest,"Campervan, Car, Caravan",Refer to DOC website for current alerts,https://www.doc.govt.nz/thumbs/large/link/30ced641aa704485bf2a16a2c754da35.jpg,https://www.doc.govt.nz/link/58e4aaf468db41fda6ddce646359948e.aspx,Located in Trounson Kauri Park,1658996,6046743,100031412,3/31/2026 9:09:33 AM,b4429e38-86f8-4df3-befe-28cf030d0be2,1658996,6046743.00000036
185370,Nikau Cove Campsite,Pelorus Sound/Te Hoiere and Kenepuru Sound area,Marlborough,This flat campsite is in a sheltered bay and offers a good base for exploring the area by sea or land.,Standard,0,6,Yes,,"Non-powered/tent sites, Water from tap - not treated, boil before use, Toilets - non-flush, Toilets, Water supply",,Dogs with a DOC permit only. Contact closest <a href=""#contacts"">DOC office</a> to get a permit. <a ,Coastal,"Boat, Campervan, Car, Caravan",Refer to DOC website for current alerts,https://www.doc.govt.nz/thumbs/large/link/10b4bb707d3544ff9c97ce5859070edd.jpg,https://www.doc.govt.nz/link/bce76b85b0ff4e24876e0baccde81dc4.aspx,Located in Pelorus Sound/Te Hoiere and Kenepuru Sound area,1688019,5439039,100044059,3/31/2026 9:09:33 AM,66adcdcc-db1a-4a86-973f-6914f2bbf487,1688019.08340003,5439039.28140093
185371,Watering Cove Campsite,Abel Tasman National Park,Nelson/Tasman,Walk-in or boat-in to this beachside campsite on the Tinline to Anchorage section of the Abel Tasman Coast Track. There is no drive on access.,Great Walk,0,5,Yes,,"Non-powered/tent sites, Water from tap - not treated, boil before use, Toilets - non-flush, Toilets, Water supply",,No dogs. <a href=""https://www.doc.govt.nz/parks-and-recreation/know-before-you-go/pets-on-conservati,Coastal,"Boat, Foot",Refer to DOC website for current alerts,https://www.doc.govt.nz/thumbs/large/link/239b8138804c439c95e263d40c79553e.jpg,https://www.doc.govt.nz/link/bfa15e9cfa194ecab6f28ee4548f3869.aspx,Located in Abel Tasman National Park,1604737,5465252,100043774,3/31/2026 9:09:33 AM,e09286da-4660-4097-9988-18e46043cbfe,1604737,5465252.00000092
185372,Arohena Campsite,Lake Arapuni Conservation Area,Waikato,"This campsite on the western shores of Waikato River is perfect for swimming, picnicking, fishing and water sports.",Standard,0,50,Yes,,"BBQ, Boat launching, Fire pit/place for campfires (except in fire bans), Non-powered/tent sites, Shelter for cooking, Water from tap - not treated, boil before use, Wheelchair accessible, Toilets - non-flush, Toilets, Water supply","Fishing, Kayaking and canoeing, Picnicking, Swimming",Dogs with a DOC permit only. Contact closest <a href=""#contacts"">DOC office</a> to get a permit. <a ,Rivers and lakes,"Boat, Campervan, Car, Caravan",Refer to DOC website for current alerts,https://www.doc.govt.nz/thumbs/large/link/83b3df8c3e924e55ae3abf9e41ab2709.jpg,https://www.doc.govt.nz/link/e0f6e889c1914112abd4c159327db0e3.aspx,Located in Lake Arapuni Conservation Area,1832829,5772402,100038806,3/31/2026 9:09:33 AM,de5795a0-ef7f-49ae-9055-bea11208795f,1832829.00000445,5772402.00000468
185373,Corner Creek Campsite,Remutaka Forest Park,Wairarapa,"Just a 5 minute walk from Palliser Bay. Go fishing, surfing, walking, hunting and mountain biking. ",Standard,0,12,Yes,,"Non-powered/tent sites, Shelter for cooking, Water from stream, Toilets - non-flush, Toilets, Water supply","Fishing, Hunting, Mountain biking, Swimming, Walking and tramping",Dogs on a leash only. <a href=""https://www.doc.govt.nz/parks-and-recreation/know-before-you-go/pets-,Forest,"Campervan, Car, Caravan",Refer to DOC website for current alerts,https://www.doc.govt.nz/thumbs/large/link/2b359938adcd4bf286d410fba08df104.jpg,https://www.doc.govt.nz/link/50fe13588f4c4947b00a731cd0ca01a1.aspx,Located in Remutaka Forest Park,1770503,5417757,100081986,3/31/2026 9:09:33 AM,6fe12796-f85d-41a5-9aab-d8444d768d42,1770503.00000091,5417757.00000141
185374,Maitai Bay Campsite,Karikari Peninsula,Northland,This Kaitaia area campsite is popular with families. Camp in a sheltered bay nestled amongst beautiful pohutukawa trees.,Standard,0,100,No,,"Non-powered/tent sites, Shower - cold, Toilets - flush, Water from tap - not treated, boil before use, Wheelchair accessible with assistance, Toilets, Water supply","Bird and wildlife watching, Diving and snorkelling",No dogs. <a href=""https://www.doc.govt.nz/parks-and-recreation/know-before-you-go/pets-on-conservati,Coastal,"Campervan, Car, Caravan",Refer to DOC website for current alerts,https://www.doc.govt.nz/thumbs/large/link/f80e873ef77649859504e1df6b434812.jpg,https://www.doc.govt.nz/link/f2b36c981bed49769187977b5db6e330.aspx,Located in Karikari Peninsula,1637315,6145779,100066494,3/31/2026 9:09:33 AM,162d4bd2-b323-481e-8308-4117634793e7,1637315,6145779.00000025
185375,St Bathans Campsite,St Bathans area,Otago,This is a basic campsite in Central Otago. Camp in a remote and historic area. Explore St Bathans township or mountain bike the Otago Central Rail Trail.,Basic,0,9,No,,"Non-powered/tent sites, Water from tap - not treated, boil before use, Toilets - non-flush, Toilets, Water supply",,Dogs allowed. Keep dog under control at all times. <a href=""https://www.doc.govt.nz/parks-and-recrea,Rivers and lakes,"Campervan, Car, Caravan",Refer to DOC website for current alerts,https://www.doc.govt.nz/thumbs/large/link/10535a147449460ea8d4c9f0fa242e2a.aspx,https://www.doc.govt.nz/link/d18eccfd2b544a579fb9a42589d07eb8.aspx,Located in St Bathans area,1347126,5026815,100039900,3/31/2026 9:09:33 AM,e0964abd-1639-4592-a424-4f1455f1268e,1347125.99999269,5026815.00001858
185376,Omahuru Campsite,Te Urewera,East Coast,"Camp, swim, fish, or relax beside the river in the Waimana valley. Take your binoculars for birdwatching.",Standard,0,40,No,,"Fire pit/place for campfires (except in fire bans), Non-powered/tent sites, Toilets - flush, Water from stream, Toilets, Water supply","Fishing, Swimming",No dogs. <a href=""https://www.doc.govt.nz/parks-and-recreation/know-before-you-go/pets-on-conservati,Forest,"Campervan, Car, Caravan",Refer to DOC website for current alerts,https://www.doc.govt.nz/thumbs/large/link/859f29869d73400d961e9e61252452c8.jpg,https://www.doc.govt.nz/link/e1b23f62d0314b288760dbd32237b56f.aspx,Located in Te Urewera,1960363,5751447,100043679,3/31/2026 9:09:33 AM,630a612d-5e97-43c7-98ab-7ad466402abe,1960363.00004943,5751447.00013659
185377,Moawhitu Campsite,French Pass and D'Urville Island Scenic Reserves,Marlborough,"Stunning, remote campsite near to a surf beach with good fishing, hunting, tramping and mountain biking nearby.",Basic,0,11,No,,"Non-powered/tent sites, Water from tap - not treated, boil before use, Toilets - non-flush, Toilets, Water supply","Fishing, Hunting, Mountain biking, Walking and tramping",Dogs with a DOC permit only. Contact closest <a href=""#contacts"">DOC office</a> to get a permit. <a ,Coastal,"Boat, 4WD",Refer to DOC website for current alerts,https://www.doc.govt.nz/thumbs/large/link/5ffd589a3ed44b32a2d0ad909e8b37d1.jpg,https://www.doc.govt.nz/link/f1b0e8615c824062b61c415e0000b151.aspx,Located in French Pass and D'Urville Island Scenic Reserves,1668786,5482500,100072998,3/31/2026 9:09:33 AM,f1ff5028-efc1-4cb7-9a6c-22b260a0f15e,1668786.00000001,5482500.0000009
185378,Mosquito Bay Campsite,Abel Tasman National Park,Nelson/Tasman,Reach this beachside campsite on the Abel Tasman Coast Track by private boat. There is no drive-in or walk-in access.,Great Walk,0,20,Yes,,"Non-powered/tent sites, Water from tap - not treated, boil before use, Toilets - non-flush, Toilets, Water supply",,No dogs. <a href=""https://www.doc.govt.nz/parks-and-recreation/know-before-you-go/pets-on-conservati,Coastal,Boat,Refer to DOC website for current alerts,https://www.doc.govt.nz/thumbs/large/link/8be2689791ea478d984922ec1195bb5d.aspx,https://www.doc.govt.nz/link/a0a434c1370f4fcbbf8df066e9f317e8.aspx,Located in Abel Tasman National Park,1605005,5470980,100065887,3/31/2026 9:09:33 AM,dcf90432-dba0-40f7-8707-8e8d8d11eb10,1605005,5470980.00000091
185379,Twelve Mile Delta Campsite,Queenstown area,Otago,"Camp on a river delta at the outlet of Twelve-Mile Creek near the shores of Lake Wakatipu. Go boating, swimming and fishing or enjoy the walking and mountain biking tracks. Regenerating forest surrounds the campsite. ",Standard,0,100,No,,"Boat launching, Non-powered/tent sites, Water from tap - not treated, boil before use, Wheelchair accessible with assistance, Toilets - non-flush, Toilets, Water supply","Fishing, Picnicking",Dogs on a leash only. <a href=""https://www.doc.govt.nz/parks-and-recreation/know-before-you-go/pets-,Rivers and lakes,"Boat, Campervan, Car, Caravan",Refer to DOC website for current alerts,https://www.doc.govt.nz/thumbs/large/link/f7a29dc8dc2842729e71deda66b27175.jpg,https://www.doc.govt.nz/link/171fc7854c6a4620842508d18d4aa2de.aspx,Located in Queenstown area,1249357,4999947,100031419,3/31/2026 9:09:33 AM,66637852-3c42-451a-ab29-fc9d2c1e3acf,1249356.95906841,4999946.55205136
185380,Lake Paringa Campsite,"Haast, Paringa and Moeraki rivers area",West Coast,"Enjoy boating, fishing and swimming in the lake and walk the Haast to Paringa Cattle Track.",Standard,0,10,Yes,,"Boat launching, Non-powered/tent sites, Water from tap - not treated, boil before use, Wheelchair accessible, Toilets - non-flush, Toilets, Water supply","Boating, Fishing, Swimming, Walking and tramping",No dogs. <a href=""https://www.doc.govt.nz/parks-and-recreation/know-before-you-go/pets-on-conservati,Rivers and lakes,"Campervan, Car, Caravan",Refer to DOC website for current alerts,https://www.doc.govt.nz/thumbs/large/link/80060e2692a74adcab073116a1e4b242.jpg,https://www.doc.govt.nz/link/8e3e50fe721549049ce0ac83df9360ac.aspx,"Located in Haast, Paringa and Moeraki rivers area",1310929,5152778,100043486,3/31/2026 9:09:33 AM,f60e78fe-d73c-4927-8636-75f69fb9361d,1310928.99998524,5152778.00004492
185381,Cable Bay Campsite,Urupukapuka Island Recreation Reserve,Northland,"Set in a sheltered bay with stunning coastal surrounds, Cable Bay is a great place for families to relax on the beach, swim, kayak, fish or explore the nearby walking tracks.",Standard,0,20,Yes,,"Non-powered/tent sites, Shower - cold, Water from tap - not treated, boil before use, Toilets - non-flush, Toilets, Water supply","Bird and wildlife watching, Diving and snorkelling, Walking and tramping",No dogs. <a href=""https://www.doc.govt.nz/parks-and-recreation/know-before-you-go/pets-on-conservati,Coastal,Boat,Refer to DOC website for current alerts,https://www.doc.govt.nz/thumbs/large/link/6f82a8ccb115408ab635bec820badefb.jpg,https://www.doc.govt.nz/link/1a86e1401a31456bbf0bb49960309166.aspx,Located in Urupukapuka Island Recreation Reserve,1712295,6101150,100040698,3/31/2026 9:09:33 AM,44df160b-5e7f-4088-abca-34eb7baa62f8,1712295.00000008,6101150.00000031
185382,Trestle View Campsite,Coromandel Forest Park,Coromandel,"This scenic campsite in the Kauaeranga Valley, is at the end of the valley and closest to the Webb Creek Track up to the Pinnacles and Billigoat Basin Track.",Standard,0,15,Yes,,"Non-powered/tent sites, Water from stream, Toilets - non-flush, Toilets, Water supply",Walking and tramping,No dogs. <a href=""https://www.doc.govt.nz/parks-and-recreation/know-before-you-go/pets-on-conservati,"Forest, Rivers and lakes",Foot,Refer to DOC website for current alerts,https://www.doc.govt.nz/thumbs/large/link/9108b13727c948719d31e49715b1099b.jpg,https://www.doc.govt.nz/link/88103efe3e1e4f3497945f253cfe5590.aspx,Located in Coromandel Forest Park,1837150,5894401,100031353,3/31/2026 9:09:33 AM,05e2dfcc-ec4a-4046-87ac-a5411b308672,1837150.00000473,5894401.00000473
185383,Tīeke Marae/kāinga Campsite,Whanganui National Park,Manawatu/Whanganui,This campsite is located in Tīeke Marae/Kāinga. This area offers a unique cultural experience,Great Walk,0,28,Yes,,"Non-powered/tent sites, Shelter for cooking, Water from tap - not treated, boil before use, Toilets - non-flush, Toilets, Water supply",,No dogs. <a href=""https://www.doc.govt.nz/parks-and-recreation/know-before-you-go/pets-on-conservati,Rivers and lakes,Boat,Refer to DOC website for current alerts,https://www.doc.govt.nz/thumbs/large/link/e2bdc3ca47464fc3bf7df3f5688d05ea.jpg,https://www.doc.govt.nz/link/e7bbf631c06c4ae58cfd5bf5d7e9dd28.aspx,Located in Whanganui National Park,1771735,5643868,100044320,3/31/2026 9:09:33 AM,98b2c0da-8d6a-43c4-bccc-d7a496a6afdb,1771735.0000009,5643868.00000117
185384,Monowai Campsite,Fiordland National Park,Fiordland,"Enjoy this peaceful campsite beside Lake Monowai. Explore the tracks to Rodger Inlet and Green Lake huts, or go fishing or boating.",Basic,0,5,No,,"Boat launching, Fire pit/place for campfires (except in fire bans), Non-powered/tent sites, Water from tap - not treated, boil before use, Toilets - non-flush, Toilets, Water supply","Boating, Fishing",No dogs. <a href=""https://www.doc.govt.nz/parks-and-recreation/know-before-you-go/pets-on-conservati,Rivers and lakes,"Campervan, Car",Refer to DOC website for current alerts,https://www.doc.govt.nz/thumbs/large/link/3c47b1b523354374964f12e8ae4f1626.aspx,https://www.doc.govt.nz/link/793706babd574d15aea8cc495c3ee199.aspx,Located in Fiordland National Park,1174374,4912227,100043515,3/31/2026 9:09:33 AM,c272bd1f-ff98-486f-a34f-cd9a68ff0f38,1174373.99998525,4912227.00133199
185385,South Arm Campsite,French Pass and D'Urville Island Scenic Reserves,Marlborough,"Dramatic, remote, sheltered campsite at the head of South Arm. Great base for boating and hunting.",Basic,0,5,No,,"Non-powered/tent sites, Water from stream, Toilets - non-flush, Toilets, Water supply","Boating, Hunting",No dogs. <a href=""https://www.doc.govt.nz/parks-and-recreation/know-before-you-go/pets-on-conservati,Coastal,Boat,Refer to DOC website for current alerts,https://www.doc.govt.nz/thumbs/large/link/c2fb28e0c62041b692ce496d56e98d1f.jpg,https://www.doc.govt.nz/link/f7b3a62f8f184aaba02facac3855f696.aspx,Located in French Pass and D'Urville Island Scenic Reserves,1673091,5482182,100043513,3/31/2026 9:09:33 AM,9df5e418-8711-4158-8dec-4cb809214218,1673091.00000001,5482182.00000091
185386,Maraunui Campsite,Te Urewera,East Coast,This campsite is on the Lake Waikaremoana Track.,Great Walk,0,0,Yes,,"Toilets - non-flush, Toilets",,,"Forest, Rivers and lakes",Foot,Refer to DOC website for current alerts,https://www.doc.govt.nz/thumbs/large/link/c904236abe2a4179b8333a3f1cb05ff8.aspx,https://www.doc.govt.nz/link/48564759863c48e796b98672ba97f68f.aspx,Located in Te Urewera,1946510,5701341,100043056,3/31/2026 9:09:34 AM,ddff5300-ad7d-4c29-bc55-5216321a788e,1946510.00004007,5701341.00010478
185387,Verns Camp,Whirinaki Te Pua-a-Tāne Conservation Park,East Coast,"This is a good place to stop for lunch, with a shelter, fireplace and water.",Basic,0,0,No,,"Fire pit/place for campfires (except in fire bans), Non-powered/tent sites, Water from stream, Toilets - non-flush, Toilets, Water supply",Walking and tramping,Dogs with a DOC permit only. Contact closest <a href=""#contacts"">DOC office</a> to get a permit. <a ,"Forest, Rivers and lakes",Foot,Refer to DOC website for current alerts,https://www.doc.govt.nz/thumbs/large/link/5f719b0eb25e4dd7bafb9508a754546a.jpg,https://www.doc.govt.nz/link/6577193925b84a4aae29c09184bb3c55.aspx,Located in Whirinaki Te Pua-a-Tāne Conservation Park,1919964,5707639,100065051,3/31/2026 9:09:34 AM,108f85f4-0d69-46b1-8f78-dcbae3452e68,1919964.00002591,5707639.00005532
185388,Korokoro Campsite,Te Urewera,East Coast,This campsite is on the Lake Waikaremoana Track.,Great Walk,0,10,Yes,,Toilets,,,"Forest, Rivers and lakes",Foot,Refer to DOC website for current alerts,https://www.doc.govt.nz/thumbs/large/link/b1d29193b31d41e1b34caebdedf395e7.aspx,https://www.doc.govt.nz/link/c296ddcc8dcc402db964c4ad998a222c.aspx,Located in Te Urewera,1946261,5698561,100042954,3/31/2026 9:09:34 AM,641f2898-d0e0-4c4d-9150-8bed143c20ef,1946261.00003992,5698561.00010445
185389,Mosley's Campsite,Whanganui National Park,Manawatu/Whanganui,This backcountry campsite is located on the Kaiwhakauka Track in the Whanganui National Park.,Backcountry,0,10,No,,"Toilets - non-flush, Toilets","Mountain biking, Walking and tramping",No dogs. <a href=""https://www.doc.govt.nz/parks-and-recreation/know-before-you-go/pets-on-conservati,Forest,"Foot, Mountain bike",Refer to DOC website for current alerts,https://www.doc.govt.nz/images/no-photo/no-photo-220x140.jpg,https://www.doc.govt.nz/link/0a09d2727bee4a39a5de167fd045780d.aspx,Located in Whanganui National Park,1779610,5661629,100092038,3/31/2026 9:09:34 AM,c3584fa8-5c95-425e-a21e-0579a53eb7ab,1779610.00000113,5661629.00000132
185390,Lucky Bay Campsite,French Pass and D'Urville Island Scenic Reserves,Marlborough,"Small, scenic campsite with great views, popular with sea kayakers and boaties. Catherine Cove Resort and French Pass are nearby.",Basic,0,2,No,,"Non-powered/tent sites, Water from stream, Toilets - non-flush, Toilets, Water supply","Boating, Kayaking and canoeing",No dogs. <a href=""https://www.doc.govt.nz/parks-and-recreation/know-before-you-go/pets-on-conservati,Coastal,Boat,Refer to DOC website for current alerts,https://www.doc.govt.nz/thumbs/large/link/4abef6326cf947e58a0cd49e6cbb7fef.jpg,https://www.doc.govt.nz/link/f1888348ce87488d87c64d2a63991e1a.aspx,Located in French Pass and D'Urville Island Scenic Reserves,1672513,5473012,100065557,3/31/2026 9:09:34 AM,788bb1c1-f12d-49e1-a09c-2ebd6877c323,1672513.00000001,5473012.00000091
185391,Stony Bay Campsite,Northern Coromandel,Coromandel,This is a spacious (5 ha) campsite beside the coast. Walk or mountain bike to Fletcher Bay along the Coromandel Coastal Walkway. Good fishing and diving nearby.,Standard,0,60,Yes,,"Non-powered/tent sites, Shower - cold, Water from tap - not treated, boil before use, Toilets - non-flush, Toilets, Water supply","Boating, Diving and snorkelling, Fishing, Kayaking and canoeing, Mountain biking, Swimming, Walking and tramping",No dogs. <a href=""https://www.doc.govt.nz/parks-and-recreation/know-before-you-go/pets-on-conservati,Coastal,"Campervan, Car, Caravan",Refer to DOC website for current alerts,https://www.doc.govt.nz/thumbs/large/link/777fa49912f24adba3a9addcd042c4b8.aspx,https://www.doc.govt.nz/link/110d4dc2d20f4c2dbea5d02c4cfc2135.aspx,Located in Northern Coromandel,1816877,5956498,100065399,3/31/2026 9:09:34 AM,5d8959ba-4f11-431c-9bc4-ff6ba9857936,1816877.00000283,5956498.00000242
185392,Piropiro Campsite,Pureora Forest Park,Waikato,"This is a basic campsite in the Waitomo/Pureora area. From here, explore forest roads by car or mountain bike.",Basic,0,16,No,,"Fire pit/place for campfires (except in fire bans), Non-powered/tent sites, Water from stream, Toilets - non-flush, Toilets, Water supply","Hunting, Mountain biking, Walking and tramping",Dogs with a DOC permit only. Contact closest <a href=""#contacts"">DOC office</a> to get a permit. <a ,Forest,"Campervan, Car, Caravan",Refer to DOC website for current alerts,https://www.doc.govt.nz/thumbs/large/link/d0b32c55602e4fe88dcd072c63e3ba2d.jpg,https://www.doc.govt.nz/link/51c87ce258ed4ce8a0ce520d4646c8d9.aspx,Located in Pureora Forest Park,1816782,5720961,100031356,3/31/2026 9:09:34 AM,58b23b47-74b0-48f8-a33e-a759bb57ff7b,1816782.00000306,5720961.00000308
185393,Teetotal Campsite,Nelson Lakes National Park,Nelson/Tasman,Use this campsite as a base to explore nearby Nelson Lakes National Park.,Standard,0,12,No,,"Non-powered/tent sites, Water from tap - not treated, boil before use, Wheelchair accessible, Toilets - non-flush, Toilets, Water supply","Boating, Kayaking and canoeing, Mountain biking, Skiing and ski touring, Swimming, Walking and tramping",Dogs allowed. Keep dog under control at all times. <a href=""https://www.doc.govt.nz/parks-and-recrea,"Alpine, Forest, Rivers and lakes","Campervan, Car, Caravan",Refer to DOC website for current alerts,https://www.doc.govt.nz/thumbs/large/link/da299f0f598d434ca24641569318b6b7.jpg,https://www.doc.govt.nz/link/677199a56c45450988ea16f68046a2b8.aspx,Located in Nelson Lakes National Park,1586195,5373191,100120946,3/31/2026 9:09:34 AM,78b167e1-3315-4ab7-a098-dfdae6aa6e99,1586195,5373191.00000098
185394,Round Bush Campsite,Ruataniwha Conservation Park,Canterbury,"Beautiful beech forest, hung with mistletoe in summer, grows right up to the lake edge.",Basic,0,20,No,,"Boat launching, Water from stream, Toilets - non-flush, Toilets, Water supply",,No dogs. <a href=""https://www.doc.govt.nz/parks-and-recreation/know-before-you-go/pets-on-conservati,"Forest, Rivers and lakes","Boat, Campervan, Car, Caravan",Refer to DOC website for current alerts,https://www.doc.govt.nz/thumbs/large/link/43de4f1b2d28437bbedfc1eee8ce56b1.aspx,https://www.doc.govt.nz/link/943cdd5d814f48e6b1e157e50648dfd4.aspx,Located in Ruataniwha Conservation Park,1345705,5100086,100095975,3/31/2026 9:09:34 AM,c7267b25-fb36-4b78-b6b8-5e5930b4353a,1345704.99999238,5100086.00001777
185395,Puketī Recreation Area Campsite,Puketī and Omahuta Forests,Northland,"Camp at the eastern edge of the forest, close to kauri trees. Look out for kiwi and short-tailed bats. This is an ideal base for day or overnight tramps.",Standard,0,20,Yes,,"BBQ, Fire pit/place for campfires (except in fire bans), Non-powered/tent sites, Shower - cold, Water from tap - not treated, boil before use, Wheelchair accessible with assistance, Toilets - non-flush, Toilets, Water supply","Hunting, Mountain biking, Walking and tramping",No dogs. <a href=""https://www.doc.govt.nz/parks-and-recreation/know-before-you-go/pets-on-conservati,Forest,"Campervan, Car, Caravan",Refer to DOC website for current alerts,https://www.doc.govt.nz/thumbs/large/link/30cfa3cd4bfe4946b74682fecf6f3597.jpg,https://www.doc.govt.nz/link/0ae368ae422245ea85a7b4271edb7484.aspx,Located in Puketī and Omahuta Forests,1672198,6103223,100000726,3/31/2026 9:09:34 AM,a4a07850-e96c-4d65-af13-abcd3baf5c14,1672198.00000001,6103223.00000029
185396,Kahikatea Campsite,Coromandel Forest Park,Coromandel,For self contained vehicles only. Camp across the road from the river and explore the Kauaeranga Valley on one of the many short walks.,Standard,18,0,Yes,,"Powered sites, Wheelchair accessible, Toilets",Walking and tramping,No dogs. <a href=""https://www.doc.govt.nz/parks-and-recreation/know-before-you-go/pets-on-conservati,Forest,Campervan,Refer to DOC website for current alerts,https://www.doc.govt.nz/thumbs/large/link/b52e735c98ff407da8b594ab871832a3.jpg,https://www.doc.govt.nz/link/6363c5e7dbdb4979986881e5678de505.aspx,Located in Coromandel Forest Park,1833500,5888100,100089341,3/31/2026 9:09:34 AM,dc952683-bc59-42c5-aa3e-cd567b8f3011,1833500.00000435,5888100.00000427
185397,Mokau Landing Campsite,Te Urewera,East Coast,"Large grassy site between native rainforest and Lake Waikaremoana, 1.5 km from Mōkau Falls.",Standard,0,40,No,,"Boat launching, Fire pit/place for campfires (except in fire bans), Non-powered/tent sites, Water from tap - not treated, boil before use, Wheelchair accessible with assistance, Toilets - non-flush, Toilets, Water supply",,No dogs. <a href=""https://www.doc.govt.nz/parks-and-recreation/know-before-you-go/pets-on-conservati,"Forest, Rivers and lakes","Campervan, Car, Caravan",Refer to DOC website for current alerts,https://www.doc.govt.nz/thumbs/large/link/21816e50188d44d399ba2c49c4e78bae.jpg,https://www.doc.govt.nz/link/b992aed862b74ac2939d7ed5adee72f8.aspx,Located in Te Urewera,1955532,5704909,100043675,3/31/2026 9:09:34 AM,5eb906cb-782a-40bf-b38a-6dbaf4f063f5,1955532.00004606,5704909.00012814
185398,Cameron Campsite,Kaweka Forest Park,Hawke’s Bay,A basic campsite beside the Ngaruroro River and the Napier-Taihape Road.,Basic,0,25,No,,"Water from stream, Toilets - non-flush, Toilets, Water supply","Fishing, Rafting, Swimming, Walking and tramping",Dogs with a DOC permit for recreational hunting or management purposes only. <a href=""https://www.do,,"Campervan, Car, Caravan",Refer to DOC website for current alerts,https://www.doc.govt.nz/images/no-photo/no-photo-220x140.jpg,https://www.doc.govt.nz/link/f16a605ecaa2493ab56e5e476a2ed167.aspx,Located in Kaweka Forest Park,1887005,5635062,100065803,3/31/2026 9:09:34 AM,34b28be1-9b68-4cda-b0de-7da40a95b9e1,1887004.93651444,5635062.34492527
185399,Henry Creek Campsite,Fiordland National Park,Fiordland,Camp beside the picturesque Lake Te Anau on the road to Milford Sound.,Standard,0,30,Yes,,"Non-powered/tent sites, Water from stream, Wheelchair accessible with assistance, Toilets - non-flush, Toilets, Water supply",,No dogs. <a href=""https://www.doc.govt.nz/parks-and-recreation/know-before-you-go/pets-on-conservati,"Forest, Rivers and lakes","Campervan, Car, Caravan",Refer to DOC website for current alerts,https://www.doc.govt.nz/thumbs/large/link/ab2a4ffd52d14585b16b21241edfeace.aspx,https://www.doc.govt.nz/link/d87709f11ea7429084acc481422878e1.aspx,Located in Fiordland National Park,1192749,4978212,100042532,3/31/2026 9:09:34 AM,dc93e855-5d55-40d0-9ffe-e04bc58ed1aa,1192748.999961,4978212.00085732
185400,Courthouse Flat Campsite,Kahurangi National Park,Nelson/Tasman,"The scenic drive to the campsite is alongside a historic goldfield. Activities nearby the site include picnicking, hunting and walking.",Standard,0,25,Yes,,"Non-powered/tent sites, Water from stream, Toilets - non-flush, Toilets, Water supply","Caving, Hunting, Picnicking, Walking and tramping",No dogs. <a href=""https://www.doc.govt.nz/parks-and-recreation/know-before-you-go/pets-on-conservati,Forest,Car,Refer to DOC website for current alerts,https://www.doc.govt.nz/thumbs/large/link/8aad9118214e4fa387515be5121e921e.jpg,https://www.doc.govt.nz/link/895b8841ed1b44ed92f7c6ca57cabf9f.aspx,Located in Kahurangi National Park,1563895,5409253,100043775,3/31/2026 9:09:34 AM,2e17b476-04fc-4df0-87ee-8fbe02488307,1563895.1421,5409252.83610095
185401,South Arm Campsite (Lake Manapouri),Fiordland National Park,Fiordland,"This is a basic campsite in a beautiful setting surrounded by beech forest on Lake Manapouri, Fiordland National Park. Access by boat or via Borland Road.",Basic,0,8,No,,"Non-powered/tent sites, Water from stream, Toilets - non-flush, Toilets, Water supply",,No dogs. <a href=""https://www.doc.govt.nz/parks-and-recreation/know-before-you-go/pets-on-conservati,"Forest, Rivers and lakes","Boat, Car",Refer to DOC website for current alerts,https://www.doc.govt.nz/thumbs/large/link/110389fca8ee417482b59611c1780d3d.aspx,https://www.doc.govt.nz/link/c594bee1d29549418cba750b518f538f.aspx,Located in Fiordland National Park,1161136,4936474,100031421,3/31/2026 9:09:34 AM,757fe9fe-595e-4827-96a8-a649e22b584e,1161135.99999148,4936474.00164948
185402,Te Pukatea Bay Campsite,Abel Tasman National Park,Nelson/Tasman,Walk-in or boat-in to this beachside campsite on the Tinline to Anchorage section of the Abel Tasman Coast Track. There is no drive on access.,Great Walk,0,7,Yes,,"Non-powered/tent sites, Water from tap - not treated, boil before use, Toilets - non-flush, Toilets, Water supply",,No dogs. <a href=""https://www.doc.govt.nz/parks-and-recreation/know-before-you-go/pets-on-conservati,Coastal,"Boat, Foot",Refer to DOC website for current alerts,https://www.doc.govt.nz/thumbs/large/link/223b679ea216463b989c11b8019f8b23.aspx,https://www.doc.govt.nz/link/989e154c82cf439c87a3924c7cae9fa7.aspx,Located in Abel Tasman National Park,1605384,5466435,100043772,3/31/2026 9:09:34 AM,6f0a66fe-9598-4171-924d-6feadffe6bfa,1605384,5466435.00000092
185403,Kuripapango (Ox Bow) Campsite,Kaweka Forest Park,Hawke’s Bay,This is a basic campsite in  Hawke's Bay area. Camp at the edge of the park. Raft down the Ngaruroro River or have a go at fishing.,Basic,0,50,No,,"Non-powered/tent sites, Water from stream, Toilets - non-flush, Toilets, Water supply","Fishing, Rafting, Swimming",Dogs with a DOC permit for recreational hunting or management purposes only. <a href=""https://www.do,Rivers and lakes,"Campervan, Car, Caravan",Refer to DOC website for current alerts,https://www.doc.govt.nz/thumbs/large/link/cf71bdb8d49a491ba2d8e05861aede7c.aspx,https://www.doc.govt.nz/link/8a7a0244cc57440a84c39d440503c3d7.aspx,Located in Kaweka Forest Park,1886289,5634867,100030214,3/31/2026 9:09:34 AM,38653ca0-d38b-4a48-a671-0243334ba057,1886289.00001424,5634867.00002479
185404,Coldwater Stream Campsite,Upper Wairau River area,Nelson/Tasman,"This remote campsite is a great base camp for 4WD. Fish for trout, or kayak in the river.",Basic,0,8,No,,"Non-powered/tent sites, Water from stream, Toilets - non-flush, Toilets, Water supply","Fishing, Four wheel driving, Kayaking and canoeing, Mountain biking",No dogs. <a href=""https://www.doc.govt.nz/parks-and-recreation/know-before-you-go/pets-on-conservati,Forest,"4WD, Mountain bike",Refer to DOC website for current alerts,https://www.doc.govt.nz/thumbs/large/link/d5cc5be899464e409d7ff9448127d36b.jpg,https://www.doc.govt.nz/link/a22a15474014470f87c04537d49c14fe.aspx,Located in Upper Wairau River area,1593567,5343345,100044061,3/31/2026 9:09:34 AM,98c22fc7-697f-44dd-9de7-d6b4222c7d23,1593567,5343345.00000099
185405,Pipi Beach Campsite,Pelorus Sound/Te Hoiere and Kenepuru Sound area,Marlborough,This scenic campsite is a great base for water-based activities and picnicking.,Backcountry,0,4,No,,"Non-powered/tent sites, Water from tap - not treated, boil before use, Toilets - non-flush, Toilets, Water supply",,No dogs. <a href=""https://www.doc.govt.nz/parks-and-recreation/know-before-you-go/pets-on-conservati,Coastal,Boat,Refer to DOC website for current alerts,https://www.doc.govt.nz/thumbs/large/link/313a4e8b683c439ead3c0a4f06579820.aspx,https://www.doc.govt.nz/link/baa8701eb1e5448aaf13f81283d75148.aspx,Located in Pelorus Sound/Te Hoiere and Kenepuru Sound area,1672393,5441455,100044099,3/31/2026 9:09:34 AM,6c36013a-40ca-4547-a51c-e6fa3858d049,1672393.00000001,5441455.00000094
185406,Brown Campsite,Kahurangi National Park,Nelson/Tasman,This is a walk-in campsite on the Heaphy Track. It's a good place to stay if you're wanting an early start on the track the next day. It's also close to the Aorere River which offers trout fishing and gold panning.,Great Walk,0,10,Yes,,"Non-powered/tent sites, Toilets - flush, Water from tap - not treated, boil before use, Toilets, Water supply",Fishing,No dogs. <a href=""https://www.doc.govt.nz/parks-and-recreation/know-before-you-go/pets-on-conservati,,"Foot, Mountain bike",Refer to DOC website for current alerts,https://www.doc.govt.nz/thumbs/large/link/9d5bb77b84a3410ea6d6b8ae8eb6deb0.jpg,https://www.doc.govt.nz/link/8185027d6e9d454593ecefca0dab9360.aspx,Located in Kahurangi National Park,1553407,5477714,100065884,3/31/2026 9:09:34 AM,45ffe76c-b0cc-4a8e-b45c-17a43fc64e56,1553406.5458,5477713.52640091
185407,Scotts Beach Campsite,Kahurangi National Park,Nelson/Tasman,This is a walk-in campsite on the Heaphy Track. ,Great Walk,0,9,Yes,,"Fire pit/place for campfires (except in fire bans), Non-powered/tent sites, Water from tap - not treated, boil before use, Toilets - non-flush, Toilets, Water supply",,No dogs. <a href=""https://www.doc.govt.nz/parks-and-recreation/know-before-you-go/pets-on-conservati,Coastal,Foot,Refer to DOC website for current alerts,https://www.doc.govt.nz/thumbs/large/link/f4465e7b94754380bd8ffd03d3a280d3.aspx,https://www.doc.govt.nz/link/ce354d8ac59b4be79a0683287c2c6e12.aspx,Located in Kahurangi National Park,1524801,5451055,100044560,3/31/2026 9:09:34 AM,ca4ac4b6-dfb4-40fc-8a1a-7f32385491f1,1524800.99999999,5451055.00000092
185408,Observation Beach Campsite,Abel Tasman National Park,Nelson/Tasman,Visit this beachside campsite on the Tinline to Anchorage section of the Abel Tasman Coast Track.,Great Walk,0,6,Yes,,"Non-powered/tent sites, Water from tap - not treated, boil before use, Toilets - non-flush, Toilets, Water supply",,No dogs. <a href=""https://www.doc.govt.nz/parks-and-recreation/know-before-you-go/pets-on-conservati,Coastal,"Boat, Foot",Refer to DOC website for current alerts,https://www.doc.govt.nz/thumbs/large/link/4663d94f36034c01b8964ceabd88fac5.aspx,https://www.doc.govt.nz/link/fc754e4f72204a1688a6f7422e947fd8.aspx,Located in Abel Tasman National Park,1604369,5465053,100065888,3/31/2026 9:09:34 AM,107a92c6-779e-4c14-989f-e22b842d83ad,1604369,5465053.00000092
185409,Lake Middleton Campsite,Twizel area,Canterbury,Use this campsite as a base to walk or mountain bike in the Lake Ōhau area or in Ruataniwha Conservation Park.,Standard,0,0,No,,"Boat launching, Dump station, Non-powered/tent sites, Toilets - flush, Water from tap - not treated, boil before use, Toilets, Water supply","Mountain biking, Walking and tramping",Dogs on a leash only. <a href=""https://www.doc.govt.nz/parks-and-recreation/know-before-you-go/pets-,Rivers and lakes,"Campervan, Car",Refer to DOC website for current alerts,https://www.doc.govt.nz/thumbs/large/link/51579d07ec264bcabecbf1a49ae026af.aspx,https://www.doc.govt.nz/link/b9fbfc5a98724008b2b85928467800c6.aspx,Located in Twizel area,1348583,5092872,100102965,3/31/2026 9:09:34 AM,4c5ecdb4-7735-462c-a22a-406361ec7b11,1348582.99999282,5092872.00001645
185410,Mangawhero Campsite,Tongariro National Park,Central North Island,Camp in the forest on the flanks of Mount Ruapehu; a good base for exploring Tongariro National Park.,Standard,0,12,Yes,,"Non-powered/tent sites, Water from tap - not treated, boil before use, Toilets - non-flush, Toilets, Water supply","Climbing, Hunting, Skiing and ski touring, Walking and tramping",No dogs. <a href=""https://www.doc.govt.nz/parks-and-recreation/know-before-you-go/pets-on-conservati,,"Campervan, Car, Caravan",Refer to DOC website for current alerts,https://www.doc.govt.nz/thumbs/large/link/13d33585c0f74286bcb35459f984a465.aspx,https://www.doc.govt.nz/link/c8187c41e46644f2bb1944557383ba2d.aspx,Located in Tongariro National Park,1809334,5636937,100044155,3/31/2026 9:09:34 AM,35bbc894-0e00-4a17-8a09-740dd301f5a8,1809334.00000259,5636937.00000273
185411,Mangatutu Hot Springs Campsite,Kaweka Forest Park,Hawke’s Bay,"This is a popular camping, picnic and fishing spot, and a starting point for tramping, hunting or day walks up the Mohaka River and into the Kaweka Forest Park.",Basic,0,45,No,,"Non-powered/tent sites, Water from stream, Toilets - non-flush, Toilets, Water supply","Fishing, Hunting, Rafting, Swimming, Walking and tramping",No dogs. <a href=""https://www.doc.govt.nz/parks-and-recreation/know-before-you-go/pets-on-conservati,Rivers and lakes,Car,Refer to DOC website for current alerts,https://www.doc.govt.nz/thumbs/large/link/eec940ad57fb4270bb6b748ee14adaf1.aspx,https://www.doc.govt.nz/link/2a5c3c7d728145ba8974dc1c13d6a76c.aspx,Located in Kaweka Forest Park,1898597,5657149,100044048,3/31/2026 9:09:34 AM,b06edf86-7ed2-4a0a-8d62-aacb10a9ea49,1898597.00001787,5657149.00003369
185412,Glencoe Campsite,Moeraki area,Otago,"This is a standard campsite in the Coastal Otago area. Camp in a sheltered area surrounded by beech and podocarp forest. River, walking and tramping nearby.",Standard,0,20,Yes,,"Non-powered/tent sites, Water from tap - not treated, boil before use, Toilets - non-flush, Toilets, Water supply",,Dogs on a leash only. <a href=""https://www.doc.govt.nz/parks-and-recreation/know-before-you-go/pets-,"Forest, Rivers and lakes","Campervan, Car, Caravan",Refer to DOC website for current alerts,https://www.doc.govt.nz/thumbs/large/link/3e588aa0e2904dd2aa3d339aa08affe5.jpg,https://www.doc.govt.nz/link/26e09fd2c14e4483bdfc50aec6f0657d.aspx,Located in Moeraki area,1423949,4989354,100065559,3/31/2026 9:09:35 AM,9ae05993-9e1d-4ed0-88a1-d1fdc3170858,1423948.99999887,4989354.00000207
185413,Acheron Accommodation House Campsite,Molesworth Recreation Reserve,Marlborough,"Camp by this historic cobb building from 1863, once used as an overnight carriage stop.",Standard,0,60,Yes,,"Non-powered/tent sites, Water from tap - not treated, boil before use, Toilets - non-flush, Toilets, Water supply",,No dogs. <a href=""https://www.doc.govt.nz/parks-and-recreation/know-before-you-go/pets-on-conservati,,"Campervan, Car, Mountain bike",Refer to DOC website for current alerts,https://www.doc.govt.nz/thumbs/large/link/3f964535f2574297a72fa76ac4107aae.jpg,https://www.doc.govt.nz/link/de545f9ea0be468e9629f6dc740720f6.aspx,Located in Molesworth Recreation Reserve,1596410,5306311,100065342,3/31/2026 9:09:35 AM,cf8e18c6-b0ac-46d1-a9e1-2b237682fb56,1596410,5306311.00000101
185414,Bucks Road Campsite,Tararua Forest Park,Wairarapa,Enjoy the picturesque campsite above the Tauwharenīkau River set in regenerating bush. Walk the Tauwharenīkau Gorge Track or cool off with a swim in the river.,Standard,0,25,Yes,,"Non-powered/tent sites, Water from stream, Toilets - non-flush, Toilets, Water supply","Swimming, Walking and tramping",Dogs on a leash only. <a href=""https://www.doc.govt.nz/parks-and-recreation/know-before-you-go/pets-,Rivers and lakes,"Campervan, Car, Caravan",Refer to DOC website for current alerts,https://www.doc.govt.nz/thumbs/large/link/c4b9db08889c432ba162506d74e348af.jpg,https://www.doc.govt.nz/link/1c9d2031c8324434a59f10a7d54695ae.aspx,Located in Tararua Forest Park,1797721,5451345,100037857,3/31/2026 9:09:35 AM,cdb38b2d-760e-480c-9973-9186aaa49964,1797721.00000199,5451345.0000024
185415,Waikoko Campsite,Kaimanawa Forest Park,Central North Island,"This is the main campsite of five set along Waikoko stream. It's in a large, sunny clearing above the river.",Basic,0,20,No,,"Fire pit/place for campfires (except in fire bans), Non-powered/tent sites, Shelter for cooking, Water from stream, Toilets - non-flush, Toilets, Water supply",Bird and wildlife watching,Dogs with a DOC permit only. Contact closest <a href=""#contacts"">DOC office</a> to get a permit. <a ,Rivers and lakes,"Campervan, Car, Caravan",Refer to DOC website for current alerts,https://www.doc.govt.nz/thumbs/large/link/1cf95d361da44a01b783a75a06762759.jpg,https://www.doc.govt.nz/link/d4c3f14ea1534126b67c27f265e359e8.aspx,Located in Kaimanawa Forest Park,1844643,5664198,100084858,3/31/2026 9:09:35 AM,158a48ee-31a6-41f0-9653-67f1272a2e86,1844643.000006,5664198.00000737
185416,Dickey Flat Campsite,Kaimai Mamaku Conservation Park,Bay of Plenty,"This campsite is located beside the Waitawheta River, known for its trout and some great swimming holes downstream. There is a year-round liquor ban at the campsite. ",Standard,0,35,No,,"Non-powered/tent sites, Water from stream, Toilets - non-flush, Toilets, Water supply","Fishing, Swimming, Walking and tramping",Dogs on a leash only. <a href=""https://www.doc.govt.nz/parks-and-recreation/know-before-you-go/pets-,Rivers and lakes,Car,Refer to DOC website for current alerts,https://www.doc.govt.nz/thumbs/large/link/97a0afb5d1d645aa871552ae3f9426b8.jpg,https://www.doc.govt.nz/link/19cc973673014c7c839e16168f992ad1.aspx,Located in Kaimai Mamaku Conservation Park,1843053,5852978,100043934,3/31/2026 9:09:35 AM,a655578b-5b2d-49fd-9145-3d6fc4fdabe7,1843053.00000549,5852978.00000587
185417,Māori Beach Campsite,Rakiura National Park,Southland,"This is a basic Great Walk campsite on Stewart Island/Rakiura. Situated in a grassy clearing with sand dunes and the beach in front of it. 
",Great Walk,0,4,Yes,,"Fire pit/place for campfires (except in fire bans), Non-powered/tent sites, Water from tap - not treated, boil before use, Toilets - non-flush, Toilets, Water supply",,No dogs. <a href=""https://www.doc.govt.nz/parks-and-recreation/know-before-you-go/pets-on-conservati,Coastal,Foot,Refer to DOC website for current alerts,https://www.doc.govt.nz/thumbs/large/link/b540a8e9dd1646caa710680d0cfcca08.jpg,https://www.doc.govt.nz/link/61f41ead117b4a21b52a4af19e7e4135.aspx,Located in Rakiura National Park,1225632,4799044,100042533,3/31/2026 9:09:35 AM,c26064ef-654f-4d14-ae15-38544bb0431f,1225631.99998099,4799044.00055461
185418,Boundary Creek Campsite,Hāwea Conservation Park,Otago,Boundary Creek Campsite is temporarily closed. Visitors can still walk through the campsite for fishing and day visits. There is limited roadside parking and there are no toilet facilities available.,Standard,0,23,Yes,,"Non-powered/tent sites, Shelter for cooking, Water from tap - not treated, boil before use, Wheelchair accessible, Toilets, Water supply","Boating, Fishing",Dogs on a leash only. <a href=""https://www.doc.govt.nz/parks-and-recreation/know-before-you-go/pets-,Rivers and lakes,"Campervan, Car, Caravan",Refer to DOC website for current alerts,https://www.doc.govt.nz/thumbs/large/link/4091b2a432f64c16be74d976a0cf3bd7.jpg,https://www.doc.govt.nz/link/90a23815314c47ac877bbca00d029dfd.aspx,Located in Hāwea Conservation Park,1294651,5081918,100031420,3/31/2026 9:09:35 AM,4d8757b3-936c-4987-8400-a1226118c330,1294650.8880812,5081918.19547537
185419,Atene Skyline Campsite,Whanganui National Park,Manawatu/Whanganui,This backcountry campsite is located on the Atene Skyline Track in the Whanganui National Park.,Backcountry,0,10,No,,"Shelter for cooking, Toilets - non-flush, Toilets",,No dogs. <a href=""https://www.doc.govt.nz/parks-and-recreation/know-before-you-go/pets-on-conservati,Forest,Foot,Refer to DOC website for current alerts,https://www.doc.govt.nz/images/no-photo/no-photo-220x140.jpg,https://www.doc.govt.nz/link/1f05774ce4f345b9bb97f6f0be844f60.aspx,Located in Whanganui National Park,1786151,5603256,100042952,3/31/2026 9:09:35 AM,c418d2f4-4be5-49aa-93b4-cdf8ecd81d51,1786151.00000139,5603256.00000159
185420,Kerr Bay Campsite,Nelson Lakes National Park,Nelson/Tasman,"Kerr Bay Campsite is next to Lake Rotoiti, surrounded by beech forest, with a boat launching ramp nearby.",Serviced,10,15,Yes,,"Boat launching, Cookers/electric stove, Dump station, Non-powered/tent sites, Powered sites, Shelter for cooking, Shower - hot, Toilets - flush, Water from tap - not treated, boil before use, Wheelchair accessible, Toilets, Water supply","Bird and wildlife watching, Boating, Fishing, Kayaking and canoeing, Mountain biking, Swimming, Walking and tramping",No dogs. <a href=""https://www.doc.govt.nz/parks-and-recreation/know-before-you-go/pets-on-conservati,"Forest, Rivers and lakes","Campervan, Car, Caravan",Refer to DOC website for current alerts,https://www.doc.govt.nz/thumbs/large/link/21771ebc7ec540ef8220e1a8ed9ba59c.jpg,https://www.doc.govt.nz/link/d734a70dd6584ff995102388fb169168.aspx,Located in Nelson Lakes National Park,1587370,5371777,100065345,3/31/2026 9:09:35 AM,62d5e41a-d1a7-4e3f-b9ee-1c41a6147b69,1587370,5371777.00000097
185421,"Rerewhakaaitu, Ash Pit Rd Campsite",Lake Rerewhakaaitu Recreation Reserve,Bay of Plenty,Camp on the shores of Lake Rerewhakaaitu; take binoculars for watching water birds.,Standard,0,51,Yes,,"Boat launching, Non-powered/tent sites, Shelter for cooking, Water from stream, Wheelchair accessible with assistance, Toilets - non-flush, Toilets, Water supply",,No dogs. <a href=""https://www.doc.govt.nz/parks-and-recreation/know-before-you-go/pets-on-conservati,Rivers and lakes,"Campervan, Car, Caravan",Refer to DOC website for current alerts,https://www.doc.govt.nz/thumbs/large/link/509fcc2b5dde457a84acf5bc8cf030fb.jpg,https://www.doc.govt.nz/link/7a8d3a4bf9334dfc90b479d1b51a2373.aspx,Located in Lake Rerewhakaaitu Recreation Reserve,1906824,5757586,100043561,3/31/2026 9:09:35 AM,ffe07432-f2a8-47b3-bdd7-0ba34730df08,1906824.0000204,5757586.00003792
185422,Te Pakau (Eight Acre) Campsite,Te Urewera,East Coast,"Once a dairy farm, this campsite is near the Waimana River. There are numerous walks into the spectacular forest nearby.",Basic,0,60,No,,"Fire pit/place for campfires (except in fire bans), Non-powered/tent sites, Water from stream, Toilets - non-flush, Toilets, Water supply",Walking and tramping,No dogs. <a href=""https://www.doc.govt.nz/parks-and-recreation/know-before-you-go/pets-on-conservati,"Forest, Rivers and lakes","Campervan, Car, Caravan",Refer to DOC website for current alerts,https://www.doc.govt.nz/thumbs/large/link/a007387373334ffea1ee8fd55d3bfc02.jpg,https://www.doc.govt.nz/link/6ca5b559fa574bb9a1b47fed8d399030.aspx,Located in Te Urewera,1960070,5745740,100065880,3/31/2026 9:09:35 AM,8610c066-70d4-4a39-983b-469f2b3615d4,1960070.00004923,5745740.00013643
185423,Kauauroa Bay Campsite,Pelorus Sound/Te Hoiere and Kenepuru Sound area,Marlborough,This is a basic campsite in the Sounds area. Campsite for boaties and sea kayakers in a peaceful setting.,Basic,0,2,No,,"Non-powered/tent sites, Water from stream, Toilets - non-flush, Toilets, Water supply","Boating, Kayaking and canoeing",No dogs. <a href=""https://www.doc.govt.nz/parks-and-recreation/know-before-you-go/pets-on-conservati,Coastal,Boat,Refer to DOC website for current alerts,https://www.doc.govt.nz/thumbs/large/link/cd600136549e4cea8c162a28d0ffbd30.jpg,https://www.doc.govt.nz/link/07831228f5d8427c8bdcd59e0d958b00.aspx,Located in Pelorus Sound/Te Hoiere and Kenepuru Sound area,1681490,5456488,100044057,3/31/2026 9:09:35 AM,b88cca89-cdb7-4c99-971d-4a802b517247,1681490.00000002,5456488.00000092
185424,West Bay Campsite - Buller Zone,Nelson Lakes National Park,Nelson/Tasman,This campsite is located lakeside in Nelson Lakes National Park. It is one of the two camping zones at West Bay Campsite. The campsite is open from mid-December until April each year.,Standard,0,22,Yes,,"Non-powered/tent sites, Shelter for cooking, Shower - cold, Water from tap - not treated, boil before use, Wheelchair accessible with assistance, Toilets - non-flush, Toilets, Water supply","Bird and wildlife watching, Boating, Fishing, Kayaking and canoeing, Mountain biking, Swimming, Walking and tramping",No dogs. <a href=""https://www.doc.govt.nz/parks-and-recreation/know-before-you-go/pets-on-conservati,"Forest, Rivers and lakes","Campervan, Car, Caravan",Refer to DOC website for current alerts,https://www.doc.govt.nz/images/no-photo/no-photo-220x140.jpg,https://www.doc.govt.nz/link/173601953b7f450f90cad8b053e34841.aspx,Located in Nelson Lakes National Park,1585236,5372311,100085452,3/31/2026 9:09:35 AM,7e9b9c7f-3c6f-4019-904a-ae492a84eaa4,1585236,5372311.00000097
185425,Camp Bay Campsite,Queen Charlotte Sound/Tōtaranui area,Marlborough,"In a sheltered bay with fishing, boating, walking, mountain biking, plus a lodge with a bar, small shop and restaurant nearby. Boat and walk-in access only.",Standard,0,20,Yes,,"Non-powered/tent sites, Shelter for cooking, Toilets - flush, Water from tap - not treated, boil before use, Toilets, Water supply","Boating, Fishing, Mountain biking, Walking and tramping",No dogs. <a href=""https://www.doc.govt.nz/parks-and-recreation/know-before-you-go/pets-on-conservati,Coastal,"Boat, Foot",Refer to DOC website for current alerts,https://www.doc.govt.nz/thumbs/large/link/67856f3f337b40b7bc9cf4be37df3b7c.aspx,https://www.doc.govt.nz/link/b83c41525a7e44f5a68e43f3dba66806.aspx,Located in Queen Charlotte Sound/Tōtaranui area,1696308,5446436,100066096,3/31/2026 9:09:35 AM,62b08fa9-fadb-4fce-b8ea-416ea85a5149,1696307.99040005,5446436.00000093
185426,Cowshed Bay Campsite,Pelorus Sound/Te Hoiere and Kenepuru Sound area,Marlborough,"Explore Kenepuru Sound by boat, walk or mountain bike the nearby Queen Charlotte Track or relax by the water surrounded by native bush.",Standard,0,20,Yes,,"Non-powered/tent sites, Shelter for cooking, Shower - cold, Toilets - flush, Water from tap - not treated, boil before use, Wheelchair accessible with assistance, Toilets, Water supply","Boating, Fishing, Mountain biking, Walking and tramping",No dogs. <a href=""https://www.doc.govt.nz/parks-and-recreation/know-before-you-go/pets-on-conservati,Coastal,"Boat, Foot",Refer to DOC website for current alerts,https://www.doc.govt.nz/thumbs/large/link/8ebaf4a7c4e44821ba209cf73a609ceb.jpg,https://www.doc.govt.nz/link/871fc80fc80643bda32c8c92d357f503.aspx,Located in Pelorus Sound/Te Hoiere and Kenepuru Sound area,1686520,5438297,100044093,3/31/2026 9:09:35 AM,2b5a061e-8cdd-431e-949f-3e4332f7f476,1686520.00000003,5438297.00000094
185427,Daleys Flat Campsite,Mount Aspiring National Park,Otago,This backcountry campsite is located outside Daleys Flat Hut.,Backcountry,0,0,No,,"Water from tap - not treated, boil before use, Toilets - non-flush, Toilets, Water supply",Walking and tramping,No dogs. <a href=""https://www.doc.govt.nz/parks-and-recreation/know-before-you-go/pets-on-conservati,Alpine,Foot,Refer to DOC website for current alerts,https://www.doc.govt.nz/images/no-photo/no-photo-220x140.jpg,https://www.doc.govt.nz/link/e6d1636495ad4c799e922c59d10e8762.aspx,Located in Mount Aspiring National Park,1232578,5056818,100038502,3/31/2026 9:09:35 AM,7894a6a3-e685-48ad-ae3b-ec877f620398,1232577.81275994,5056818.43003995
185428,Andrews Shelter Campsite,Arthur's Pass National Park,Canterbury,A popular starting point for trampers heading to the new Casey Hut.,Basic,0,20,No,,"Non-powered/tent sites, Shelter for cooking, Water from stream, Toilets - non-flush, Toilets, Water supply",,No dogs. <a href=""https://www.doc.govt.nz/parks-and-recreation/know-before-you-go/pets-on-conservati,,"Campervan, Car, Caravan",Refer to DOC website for current alerts,https://www.doc.govt.nz/thumbs/large/link/a3b0992f60524e13a8aed8b7d7990445.aspx,https://www.doc.govt.nz/link/5a18af2aa6fe4becb81d1374640cf1fc.aspx,Located in Arthur's Pass National Park,1501603,5239136,100043935,3/31/2026 9:09:35 AM,619298e8-127f-48a4-9af9-2a312dffa7ee,1501602.99999995,5239136.00000104
185429,Sunset Bay Campsite,Urupukapuka Island Recreation Reserve,Northland,"This is a private and secluded campsite with stunning coastal surrounds. Relax on the beach, swim, kayak, fish or explore the nearby walking tracks.",Standard,0,2,Yes,,"Non-powered/tent sites, Water from tap - not treated, boil before use, Toilets - non-flush, Toilets, Water supply","Bird and wildlife watching, Diving and snorkelling, Walking and tramping",No dogs. <a href=""https://www.doc.govt.nz/parks-and-recreation/know-before-you-go/pets-on-conservati,Coastal,Boat,Refer to DOC website for current alerts,https://www.doc.govt.nz/thumbs/large/link/de9f0a2081c746f59b01bb649d73543e.aspx,https://www.doc.govt.nz/link/c7cb3ee7dda747c4a0d3e78b4fb63b2f.aspx,Located in Urupukapuka Island Recreation Reserve,1712067,6101175,100030189,3/31/2026 9:09:35 AM,a6b32f75-27f6-444b-90ca-c273c43ac37e,1712067.00000008,6101175.00000031
185430,Torrent Bay Village Campsite,Abel Tasman National Park,Nelson/Tasman,Walk-in to this campsite on the Torrent Bay Estuary to Bark Bay section of the Abel Tasman Coast Track. There is no drive on access. The campsite is not suitable for kayakers.,Great Walk,0,10,Yes,,"Non-powered/tent sites, Water from tap - not treated, boil before use, Toilets - non-flush, Toilets, Water supply",,No dogs. <a href=""https://www.doc.govt.nz/parks-and-recreation/know-before-you-go/pets-on-conservati,,"Boat, Foot",Refer to DOC website for current alerts,https://www.doc.govt.nz/thumbs/large/link/fb727f379086450c82a0ed9f2ef23f10.jpg,https://www.doc.govt.nz/link/483976e3bb2f4afd8039d3ed900e7933.aspx,Located in Abel Tasman National Park,1603859,5467058,100066092,3/31/2026 9:09:35 AM,855b0e95-2b07-4498-ae30-e03e6f27937f,1603859,5467058.00000092
185431,Catleys Campsite,Coromandel Forest Park,Coromandel,"Camp on the river banks, 6 km north of Kauaeranga visitor centre.",Standard,0,30,Yes,,"Non-powered/tent sites, Water from stream, Toilets - non-flush, Toilets, Water supply",,No dogs. <a href=""https://www.doc.govt.nz/parks-and-recreation/know-before-you-go/pets-on-conservati,"Forest, Rivers and lakes","Campervan, Car, Caravan",Refer to DOC website for current alerts,https://www.doc.govt.nz/thumbs/large/link/4862e31f09b24498a5847fd90b1fd966.jpg,https://www.doc.govt.nz/link/97e0824abef847ab8a22a9a582e9e184.aspx,Located in Coromandel Forest Park,1836122,5893347,100065593,3/31/2026 9:09:35 AM,1f0a823a-619c-4bef-b7b0-22c23199b433,1836122.00000462,5893347.00000459
185432,Whakaipo Campsite,Taupō area,Central North Island,For self contained vehicles only. Camp next to Lake Taupō and enjoy the farm park surroundings and the mountain bike track through native bush.,Basic,0,0,No,,"Water from stream, Toilets, Water supply",,Dogs allowed. Keep dog under control at all times. <a href=""https://www.doc.govt.nz/parks-and-recrea,Rivers and lakes,Campervan,Refer to DOC website for current alerts,https://www.doc.govt.nz/images/no-photo/no-photo-220x140.jpg,https://www.doc.govt.nz/link/4c662a416549489faf359188803dfaf1.aspx,Located in Taupō area,1857409,5714199,100043745,3/31/2026 9:09:35 AM,51731676-7f5c-4288-873f-eaa7de7b3710,1857409.00000783,5714199.00001021
185433,Mangatepopo Campsite,Tongariro National Park,Central North Island,This walk-in campsite is on the Tongariro Northern Circuit. Bookings must be made during the Great Walks season.,Great Walk,0,0,Yes,,"Water from tap - not treated, boil before use, Toilets - non-flush, Toilets, Water supply",,No dogs. <a href=""https://www.doc.govt.nz/parks-and-recreation/know-before-you-go/pets-on-conservati,Alpine,Foot,Refer to DOC website for current alerts,https://www.doc.govt.nz/thumbs/large/link/9092f372b04e44068bd220c10525c8af.aspx,https://www.doc.govt.nz/link/164b5dfa7a064b49a369bb556a6de369.aspx,Located in Tongariro National Park,1824384,5663948,100065590,3/31/2026 9:09:35 AM,884e1f55-61db-41b3-8515-86dd73ad7f22,1824384.00000375,5663948.00000407
185434,Waikari River Mouth Campsite,Waikari River area,Hawke’s Bay,"This is a basic campsite in the Hawke's Bay region. Beside the Waikari River, this grassy campsite is a 10 minute walk to the beach for swimming, fishing and boating.",Basic,0,10,No,,"Boat launching, Non-powered/tent sites, Water from tap - not treated, boil before use, Toilets - non-flush, Toilets, Water supply","Boating, Fishing, Swimming",Dogs on a leash only. <a href=""https://www.doc.govt.nz/parks-and-recreation/know-before-you-go/pets-,Rivers and lakes,Car,Refer to DOC website for current alerts,https://www.doc.govt.nz/thumbs/large/link/d402ed7d2dbf4b09806a4d7cd996a8ef.jpg,https://www.doc.govt.nz/link/bdb4280df0a14cb69de85cc9b398bb1c.aspx,Located in Waikari River area,1952539,5656825,100065804,3/31/2026 9:09:35 AM,a0b71340-0227-4b15-91ad-42315201e937,1952539.00004406,5656825.00012545
185435,Putangirua Pinnacles Campsite,Putangirua Pinnacles Scenic Reserve,Wairarapa,Sited beside the Putangirua Stream with views of Cook Strait and a pebbly beach across the road. You can drive to the seal colony near Cape Palliser lighthouse.,Standard,0,50,Yes,,"Non-powered/tent sites, Toilets - flush, Water from stream, Toilets, Water supply",Walking and tramping,Dogs on a leash only. <a href=""https://www.doc.govt.nz/parks-and-recreation/know-before-you-go/pets-,Coastal,"Campervan, Car, Caravan",Refer to DOC website for current alerts,https://www.doc.govt.nz/thumbs/large/link/91014d00268849d88c0b6c238b2d3b1a.jpg,https://www.doc.govt.nz/link/ad62eed2a0ee4403a5c538be4083c96a.aspx,Located in Putangirua Pinnacles Scenic Reserve,1785772,5408882,100044559,3/31/2026 9:09:35 AM,1e8bb9f9-3f46-4bc8-8ae1-72df778093bf,1785772.00000144,5408882.00000189
185436,Sylvan Campsite,Glenorchy area,Otago,Camp beside the Routeburn River. Walk to Lake Sylvan via the bridge or day walk the start of the Routeburn Great Walk. Fly fish in the river.,Standard,0,24,Yes,,"Non-powered/tent sites, Water from tap - not treated, boil before use, Wheelchair accessible, Toilets - non-flush, Toilets, Water supply",Fishing,No dogs. <a href=""https://www.doc.govt.nz/parks-and-recreation/know-before-you-go/pets-on-conservati,Rivers and lakes,"Campervan, Car, Caravan",Refer to DOC website for current alerts,https://www.doc.govt.nz/thumbs/large/link/e0d87f9ca3724340b74431b36b86688d.jpg,https://www.doc.govt.nz/link/dca526300253491da2e08ad9af757896.aspx,Located in Glenorchy area,1228962,5036824,100065482,3/31/2026 9:09:35 AM,12a4b5cb-50a7-461a-825c-5cc3273c7d4f,1228961.99995988,5036824.00037706
185437,French Pass Campsite,French Pass and D'Urville Island Scenic Reserves,Marlborough,"This campsite is a great base for boating, fishing, swimming and kayaking and is the gateway to Rangitoto ki te Tonga/D’Urville Island.",Standard,0,18,Yes,,"Boat launching, Jetty, Non-powered/tent sites, Shower - cold, Toilets - flush, Water from tap - not treated, boil before use, Wheelchair accessible with assistance, Toilets, Water supply","Boating, Fishing, Kayaking and canoeing, Swimming",No dogs. <a href=""https://www.doc.govt.nz/parks-and-recreation/know-before-you-go/pets-on-conservati,Coastal,"Boat, Campervan, Car, Caravan",Refer to DOC website for current alerts,https://www.doc.govt.nz/thumbs/large/link/e6459170552449e6b4d1d59ecd23bfa1.aspx,https://www.doc.govt.nz/link/c6b97f7d7895433bbf4cbf5cf8653886.aspx,Located in French Pass and D'Urville Island Scenic Reserves,1670933,5469114,100044094,3/31/2026 9:09:35 AM,f44be9b3-dcfd-42c4-a1dc-c9ab9ae6e236,1670933.00000001,5469114.00000091
185438,James Mackay Campsite,Kahurangi National Park,Nelson/Tasman,This is a walk-in campsite on the Heaphy Track.,Great Walk,0,4,Yes,,"Non-powered/tent sites, Toilets - flush, Water from tap - not treated, boil before use, Toilets, Water supply",,No dogs. <a href=""https://www.doc.govt.nz/parks-and-recreation/know-before-you-go/pets-on-conservati,"Coastal, Rivers and lakes","Foot, Mountain bike",Refer to DOC website for current alerts,https://www.doc.govt.nz/thumbs/large/link/aa45a44a87e147f3b93b3d6dae5bc3f1.jpg,https://www.doc.govt.nz/link/b245e62f63674f5b90b89c263ca9d003.aspx,Located in Kahurangi National Park,1534066,5473620,100042743,3/31/2026 9:09:35 AM,65c129d4-d13f-4528-b6c4-c65caba3b4f6,1534065.99999999,5473620.00000091
185439,Mistletoe Flats Campsite,Craigieburn Forest Park,Canterbury,"This campsite is set in a landscape of beech forest, tussock and rugged mountains with mountain biking nearby. ",Standard,0,10,Yes,,"Non-powered/tent sites, Shelter for cooking, Water from tap - not treated, boil before use, Wheelchair accessible with assistance, Toilets - non-flush, Toilets, Water supply",Mountain biking,Dogs on a leash only. <a href=""https://www.doc.govt.nz/parks-and-recreation/know-before-you-go/pets-,,Car,Refer to DOC website for current alerts,https://www.doc.govt.nz/thumbs/large/link/27d58c6048cc462ba8d562f0bea38042.jpg,https://www.doc.govt.nz/link/01f462ef4ae94fbdb2b897e4693a9d62.aspx,Located in Craigieburn Forest Park,1496812,5221620,100043673,3/31/2026 9:09:35 AM,54d55323-2086-44ae-af00-24992891c48e,1496811.99999993,5221620.00000105
185440,Perry Saddle Campsite,Kahurangi National Park,Nelson/Tasman,"This is a walk-in campsite on the Heaphy Track. Situated in the fold of Perry Saddle with high hills either side, it has an alpine feel, along with spectacular views.",Great Walk,0,5,Yes,,"Non-powered/tent sites, Water from tap - not treated, boil before use, Toilets - non-flush, Toilets, Water supply",,No dogs. <a href=""https://www.doc.govt.nz/parks-and-recreation/know-before-you-go/pets-on-conservati,Alpine,"Foot, Mountain bike",Refer to DOC website for current alerts,https://www.doc.govt.nz/thumbs/large/link/2e576ec7ec464483a7f2db1edf5880a1.jpg,https://www.doc.govt.nz/link/b2ba8d8b504b471fa43bd91386d3068b.aspx,Located in Kahurangi National Park,1549689,5472061,100030548,3/31/2026 9:09:35 AM,a271b00a-3699-480a-b7ff-f7bf1ee1dd29,1549688.687,5472061.14670091
185441,Whites Bay Campsite,Blenheim area,Marlborough,"This camp has lovely scenery and is close to a surf beach at Pukatea/Whites Bay. Go walking, fishing, swimming or kayaking from here.",Standard,0,30,Yes,,"Non-powered/tent sites, Shower - cold, Toilets - flush, Water from tap - not treated, boil before use, Wheelchair accessible, Toilets, Water supply","Fishing, Kayaking and canoeing, Swimming",No dogs. <a href=""https://www.doc.govt.nz/parks-and-recreation/know-before-you-go/pets-on-conservati,Coastal,"Campervan, Car, Caravan",Refer to DOC website for current alerts,https://www.doc.govt.nz/thumbs/large/link/c79df7fbbf024e889677cf04293a496b.jpg,https://www.doc.govt.nz/link/39913b0bd1774e7cbd3c52dcf8975bc4.aspx,Located in Blenheim area,1688387,5418196,100065343,3/31/2026 9:09:35 AM,9d1465e1-87f7-42cd-aff2-ffbcc454fbbe,1688387.00000003,5418196.00000095
185442,Pohangina Base Campsite,Pohangina Valley area,Manawatu/Whanganui,A standard campsite above the Pohangina River near the Ruahine Forest Park,Standard,0,3,Yes,,"Non-powered/tent sites, Shower - hot, Toilets - flush, Water from tap - not treated, boil before use, Toilets, Water supply",,Dogs on a leash only. <a href=""https://www.doc.govt.nz/parks-and-recreation/know-before-you-go/pets-,Rivers and lakes,"Campervan, Car, Caravan",Refer to DOC website for current alerts,https://www.doc.govt.nz/thumbs/large/link/5f41337f4dc84dffa94512f0be690e92.jpg,https://www.doc.govt.nz/link/da964193330d445c907cfb370818c217.aspx,Located in Pohangina Valley area,1852229,5562799,100095961,3/31/2026 9:09:35 AM,647c1e6d-22fb-4f2b-9370-e25dc38039b4,1852229.00000723,5562799.00001017
185443,Bay Of Many Coves Campsite,Queen Charlotte Sound/Tōtaranui area,Marlborough,Walk or mountain bike in to this backcountry campsite in the Marlborough Sounds. Access is from the Queen Charlotte Track. There is no drive in access.,Backcountry,0,0,Yes,,"Non-powered/tent sites, Shelter for cooking, Water from tap - not treated, boil before use, Toilets - non-flush, Toilets, Water supply","Mountain biking, Walking and tramping",No dogs. <a href=""https://www.doc.govt.nz/parks-and-recreation/know-before-you-go/pets-on-conservati,Coastal,"Foot, Mountain bike",Refer to DOC website for current alerts,https://www.doc.govt.nz/thumbs/large/link/c85158bf9c46448d8e1924e48edf04a9.aspx,https://www.doc.govt.nz/link/dc39330f148546d3a7cc520648aa478b.aspx,Located in Queen Charlotte Sound/Tōtaranui area,1695784,5441556,100044091,3/31/2026 9:09:36 AM,5dbb21d0-12de-46ee-8d69-010dc6bb1acf,1695784.00000005,5441556.00000094
185444,Picnic Bay Campsite,Pelorus Sound/Te Hoiere and Kenepuru Sound area,Marlborough,"This is a scenic area with walking, sea kayaking, motor boating, kayaking, fishing and bird watching.",Standard,0,3,Yes,,"Non-powered/tent sites, Water from tap - not treated, boil before use, Toilets - non-flush, Toilets, Water supply","Boating, Fishing, Kayaking and canoeing, Walking and tramping",Dogs with a DOC permit only. Contact closest <a href=""#contacts"">DOC office</a> to get a permit. <a ,Coastal,"Boat, Campervan, Car, Caravan",Refer to DOC website for current alerts,https://www.doc.govt.nz/thumbs/large/link/e9232fce9f4a4003a8cc002a7d28b8cd.jpg,https://www.doc.govt.nz/link/12ccabc371ad4be5af2e156a08193d97.aspx,Located in Pelorus Sound/Te Hoiere and Kenepuru Sound area,1687749,5439037,100065808,3/31/2026 9:09:36 AM,49eb9b88-cfd4-4e6d-a064-581c4cb55d3d,1687749.00000003,5439037.00000094
185445,Moss Creek Campsite,Coromandel Forest Park,Coromandel,This backcountry campsite is located on Moss Creek Track.,Backcountry,0,5,No,,"Toilets - non-flush, Toilets",,No dogs. <a href=""https://www.doc.govt.nz/parks-and-recreation/know-before-you-go/pets-on-conservati,Forest,Foot,Refer to DOC website for current alerts,https://www.doc.govt.nz/thumbs/large/link/066f4ab0c1a045dba950fcb95ffdf3c2.aspx,https://www.doc.govt.nz/link/b178a07945c04b44b8c67b19ec8988f5.aspx,Located in Coromandel Forest Park,1837720,5898262,100044160,3/31/2026 9:09:36 AM,55ae426b-3148-479c-9344-b3ca6576a7f7,1837720.00000478,5898262.00000479
185446,Lake Rotoroa Campsite,Nelson Lakes National Park,Nelson/Tasman,An easily accessible camp in a picturesque setting - enjoy water activities or a stroll in the native bush.,Standard,0,10,No,,"Boat launching, Jetty, Non-powered/tent sites, Water from tap - not treated, boil before use, Toilets - non-flush, Toilets, Water supply","Boating, Four wheel driving, Kayaking and canoeing, Walking and tramping",No dogs. <a href=""https://www.doc.govt.nz/parks-and-recreation/know-before-you-go/pets-on-conservati,"Forest, Rivers and lakes","Campervan, Car, Caravan",Refer to DOC website for current alerts,https://www.doc.govt.nz/thumbs/large/link/caa659c8dba1486ebd182fb461b6e79e.jpg,https://www.doc.govt.nz/link/3e2030f135604da3840f551be35849b3.aspx,Located in Nelson Lakes National Park,1566590,5373011,100066492,3/31/2026 9:09:36 AM,22cb4ee4-c790-4498-9080-54fba75596eb,1566590,5373011.00000097
185447,Urchin Campsite,Kaimanawa Forest Park,Central North Island,"This popular site makes a good base for hunting, tramping, walking and mountain biking with a variety of tracks close by.",Basic,0,10,No,,"Fire pit/place for campfires (except in fire bans), Non-powered/tent sites, Water from stream, Toilets - non-flush, Toilets, Water supply","Four wheel driving, Hunting, Mountain biking, Walking and tramping",Dogs with a DOC permit only. Contact closest <a href=""#contacts"">DOC office</a> to get a permit. <a ,Forest,"Campervan, Car, Caravan",Refer to DOC website for current alerts,https://www.doc.govt.nz/thumbs/large/link/4e9472099cb04ba7834dd7d840331631.jpg,https://www.doc.govt.nz/link/57356d717214408ea867eb27ccc425c8.aspx,Located in Kaimanawa Forest Park,1843943,5662317,100031195,3/31/2026 9:09:36 AM,f84b93bc-e506-43b6-9364-841d29b842a6,1843943.00000591,5662317.00000724
185448,Waikawau Bay Campsite,Northern Coromandel,Coromandel,"This spacious, family friendly  campsite is nestled beside a stunning white sand beach. The untouched Waikawau Bay is a fabulous place to relax on the beach, fish, swim, kayak or explore.",Standard,12,120,Yes,,"Non-powered/tent sites, Powered sites, Shower - cold, Water from tap - not treated, boil before use, Wheelchair accessible with assistance, Toilets - non-flush, Toilets, Water supply","Boating, Diving and snorkelling, Fishing, Swimming, Walking and tramping",No dogs. <a href=""https://www.doc.govt.nz/parks-and-recreation/know-before-you-go/pets-on-conservati,Coastal,"Campervan, Car, Caravan",Refer to DOC website for current alerts,https://www.doc.govt.nz/thumbs/large/link/feb1a983ff8b43dd805af1a152fc9d02.aspx,https://www.doc.govt.nz/link/35ca41563dbb4388987da305a1746033.aspx,Located in Northern Coromandel,1826915,5945852,100044313,3/31/2026 9:09:36 AM,9d38b531-dbe6-4ff0-a29f-1c130fda90f3,1826915.00000364,5945852.0000033
185449,Tawa Bay Campsite,Pelorus Sound/Te Hoiere and Kenepuru Sound area,Marlborough,Scenic campsite suitable for kayaks and boating activities.,Backcountry,0,4,Yes,,"Non-powered/tent sites, Water from tap - not treated, boil before use, Toilets - non-flush, Toilets, Water supply","Boating, Kayaking and canoeing",No dogs. <a href=""https://www.doc.govt.nz/parks-and-recreation/know-before-you-go/pets-on-conservati,Coastal,Boat,Refer to DOC website for current alerts,https://www.doc.govt.nz/thumbs/large/link/74bc42824c2546f7b1b521fd458a9f7b.jpg,https://www.doc.govt.nz/link/f3468c7772c44dd38fb98e493a05af1a.aspx,Located in Pelorus Sound/Te Hoiere and Kenepuru Sound area,1669199,5452919,100066486,3/31/2026 9:09:36 AM,4ecb950b-3b1a-49bc-a15b-0e25b7121e78,1669199.00000001,5452919.00000092
185450,Piripiri Campsite,Pohangina Valley area,Manawatu/Whanganui,Piripiri Campsite is closed.,Basic,0,4,No,,Toilets,,Not Applicable,,,Refer to DOC website for current alerts,https://www.doc.govt.nz/thumbs/large/link/f79f244d29264f3f937d140257d84527.jpg,https://www.doc.govt.nz/link/6ad2d654a3cc4f6f8c12a12b47c2dff6.aspx,Located in Pohangina Valley area,1850564,5562290,100043537,3/31/2026 9:09:36 AM,ee28adc5-0659-48f9-885f-22f4eb17b94b,1850564.00000698,5562290.0000097
185451,Clements Clearing Campsite,Kaimanawa Forest Park,Central North Island,A basic but large campsite in the Tūrangi/Taupō area. Good place to base yourself to explore the area.,Basic,0,25,No,,"Fire pit/place for campfires (except in fire bans), Non-powered/tent sites, Water from stream, Toilets - non-flush, Toilets, Water supply",,Dogs with a DOC permit only. Contact closest <a href=""#contacts"">DOC office</a> to get a permit. <a ,"Alpine, Forest","Campervan, Car, Caravan",Refer to DOC website for current alerts,https://www.doc.govt.nz/thumbs/large/link/df6386243d394c8a8b9e2da93ac10424.jpg,https://www.doc.govt.nz/link/66db0e78f54846798b7f9ecd9d2d4d73.aspx,Located in Kaimanawa Forest Park,1875985,5684231,100066035,3/31/2026 9:09:36 AM,3b6f8e5d-1d6e-42b0-9277-dedd3afcf97f,1875985.00001155,5684231.00001781
185452,Kaniwhaniwha Campsite,Pirongia Forest Park,Waikato,Camp in an open grassy area alongside the Kaniwhaniwha Stream. Access is by walking or mountain biking.,Basic,0,24,No,,"Water from stream, Toilets - non-flush, Toilets, Water supply","Swimming, Walking and tramping",No dogs. <a href=""https://www.doc.govt.nz/parks-and-recreation/know-before-you-go/pets-on-conservati,"Forest, Rivers and lakes","Foot, Mountain bike",Refer to DOC website for current alerts,https://www.doc.govt.nz/thumbs/large/link/ca441c9d57f1450ea11a6e3954abbc26.aspx,https://www.doc.govt.nz/link/39b29b71a68645bb91a284beb4e8ce9a.aspx,Located in Pirongia Forest Park,1782324,5798987,100031198,3/31/2026 9:09:36 AM,7c9e70eb-fa92-4988-b130-7fe4c41838fa,1782324.00000118,5798987.00000118
185453,Coquille Bay Campsite,Abel Tasman National Park,Nelson/Tasman,Walk-in or boat-in to this beachside campsite on the Tinline to Anchorage section of the Abel Tasman Coast Track. There is no drive on access.,Great Walk,0,6,Yes,,"Non-powered/tent sites, Water from tap - not treated, boil before use, Toilets - non-flush, Toilets, Water supply",,No dogs. <a href=""https://www.doc.govt.nz/parks-and-recreation/know-before-you-go/pets-on-conservati,Coastal,"Boat, Foot",Refer to DOC website for current alerts,https://www.doc.govt.nz/thumbs/large/link/6ae646a5b02d461aa09e56eab1414986.jpg,https://www.doc.govt.nz/link/30a7b16358324ff0b3f9e5d7f8ea8dce.aspx,Located in Abel Tasman National Park,1602482,5462421,100031214,3/31/2026 9:09:36 AM,3979fd4e-4735-4498-a7cc-5a0851070ea8,1602482,5462421.00000092
185454,Totara Campsite,Fiordland National Park,Fiordland,This campsite is suitable for larger vehicles with sites sheltered by lush beech forest,Standard,0,20,Yes,,"Fire pit/place for campfires (except in fire bans), Non-powered/tent sites, Water from stream, Toilets - non-flush, Toilets, Water supply",,No dogs. <a href=""https://www.doc.govt.nz/parks-and-recreation/know-before-you-go/pets-on-conservati,Forest,"Campervan, Car, Caravan",Refer to DOC website for current alerts,https://www.doc.govt.nz/thumbs/large/link/8c1d85a7cf8448dbad957e62f166c423.jpg,https://www.doc.govt.nz/link/5967397fe0094551826e8cd65e45dbf8.aspx,Located in Fiordland National Park,1205251,4996355,100065489,3/31/2026 9:09:36 AM,2ca2b150-f6c5-46c4-8b26-08acc521f63e,1205250.99995813,4996355.00065221
185455,Lake Taylor Campsite,Lake Sumner Forest Park,Canterbury,Camp beside the lake and explore this highly scenic area by foot or mountain bike.,Standard,0,15,Yes,,"Non-powered/tent sites, Shelter for cooking, Water from tap - not treated, boil before use, Wheelchair accessible with assistance, Toilets - non-flush, Toilets, Water supply",,Dogs on a leash only. <a href=""https://www.doc.govt.nz/parks-and-recreation/know-before-you-go/pets-,Rivers and lakes,"Campervan, Car, Caravan",Refer to DOC website for current alerts,https://www.doc.govt.nz/thumbs/large/link/567a2c41b79a41d095bec9c507581677.jpg,https://www.doc.govt.nz/link/0873f893aea148a5a877f5b1943e2deb.aspx,Located in Lake Sumner Forest Park,1538960,5264062,100043178,3/31/2026 9:09:36 AM,9f90ed58-6774-402f-8844-45a9fc1c9329,1538960,5264062.00000103
185456,Bettjemann Campsite,Whanganui National Park,Manawatu/Whanganui,This backcountry campsite is located on the Mangapurura Track.,Backcountry,0,0,No,,"Toilets - non-flush, Toilets","Hunting, Mountain biking, Walking and tramping",No dogs. <a href=""https://www.doc.govt.nz/parks-and-recreation/know-before-you-go/pets-on-conservati,Forest,"Foot, Mountain bike",Refer to DOC website for current alerts,https://www.doc.govt.nz/images/no-photo/no-photo-220x140.jpg,https://www.doc.govt.nz/link/0710f0154d4e40ceb88ea4404959bf25.aspx,Located in Whanganui National Park,1772624,5658806,100042949,3/31/2026 9:09:36 AM,20d9c9ab-2a56-415c-a0cd-cecf4ce98dce,1772624.00000092,5658806.00000117
185457,Pelorus Bridge Campground,Pelorus Bridge Scenic Reserve,Marlborough,"Camp on the banks of the Te Hoiere/Pelorus River amongst towering kahikatea, beech and rimu trees. Walk, swim, fish, kayak, relax.",Serviced,14,40,Yes,,"Cookers/electric stove, Non-powered/tent sites, Phone, Powered sites, Shelter for cooking, Shower - hot, Toilets - flush, Water from tap - not treated, boil before use, Wheelchair accessible, Toilets, Water supply","Fishing, Kayaking and canoeing, Swimming, Walking and tramping",No dogs. <a href=""https://www.doc.govt.nz/parks-and-recreation/know-before-you-go/pets-on-conservati,"Forest, Rivers and lakes","Campervan, Car, Caravan",Refer to DOC website for current alerts,https://www.doc.govt.nz/thumbs/large/link/dc524eb2be414a81a986cfa90d2d9cc4.aspx,https://www.doc.govt.nz/link/13f853ce73b8447eb57ed9fe85c33d6e.aspx,Located in Pelorus Bridge Scenic Reserve,1647731,5427661,100066485,3/31/2026 9:09:36 AM,9b916551-28c5-466a-bfc8-9ff4ca50e364,1647731,5427661.00000094
185458,Lake Daniell Campsite,Lewis Pass Scenic Reserve,West Coast,This campsite is outside Kōhanga Atawhai - Mason Nicholls Hut at Lake Daniell.,Backcountry,0,10,No,,"Shelter for cooking, Water from tap - not treated, boil before use, Toilets - non-flush, Toilets, Water supply","Fishing, Swimming",No dogs. <a href=""https://www.doc.govt.nz/parks-and-recreation/know-before-you-go/pets-on-conservati,Rivers and lakes,Foot,Refer to DOC website for current alerts,https://www.doc.govt.nz/thumbs/large/link/a3aacb253a2449fca044486fd4ded6b0.aspx,https://www.doc.govt.nz/link/dd6deba57aac42f49d3121084b800b85.aspx,Located in Lewis Pass Scenic Reserve,1541459,5316142,100037707,3/31/2026 9:09:36 AM,43729cf6-c57d-4ceb-a453-2ac6bab97d6e,1541459,5316142.000001
185459,Orangihikoia Campsite,Te Urewera,East Coast,"Camp in a remote setting north of Te Taita A Makoro campsite, and go hunting, walking or fishing.",Basic,0,10,No,,"Fire pit/place for campfires (except in fire bans), Non-powered/tent sites, Water from tap - not treated, boil before use, Wheelchair accessible with assistance, Toilets - non-flush, Toilets, Water supply","Fishing, Hunting, Walking and tramping",No dogs. <a href=""https://www.doc.govt.nz/parks-and-recreation/know-before-you-go/pets-on-conservati,Rivers and lakes,"Campervan, Car, Caravan",Refer to DOC website for current alerts,https://www.doc.govt.nz/thumbs/large/link/2bd7513d0099403e9783d2f4b642bca5.jpg,https://www.doc.govt.nz/link/c867cf327ee145ed9f08e120ed36ad6a.aspx,Located in Te Urewera,1951583,5712311,100065800,3/31/2026 9:09:36 AM,f4ebeb17-79db-4092-ab90-9af0425036b1,1951583.00004333,5712311.00011641
185460,Saxon Campsite,Kahurangi National Park,Nelson/Tasman,"This is a walk-in campsite on the Heaphy Track. Situated on the edge of Gouland Downs, you can listen for great spotted kiwi at night.",Great Walk,0,5,Yes,,"Non-powered/tent sites, Water from tap - not treated, boil before use, Toilets - non-flush, Toilets, Water supply",,No dogs. <a href=""https://www.doc.govt.nz/parks-and-recreation/know-before-you-go/pets-on-conservati,Forest,"Foot, Mountain bike",Refer to DOC website for current alerts,https://www.doc.govt.nz/thumbs/large/link/ada0718a68764f2c873b04be4bca0b60.jpg,https://www.doc.govt.nz/link/42a92c10a64944658691f386a2bd2186.aspx,Located in Kahurangi National Park,1541742,5473616,100038655,3/31/2026 9:09:36 AM,6b441c80-5e35-4043-b571-5da5969cce6b,1541742,5473616.00000091
185461,Pokaka Mill Campsite,Tongariro Forest Conservation Area,Central North Island,A basic campsite in the Ruapehu area.,Basic,0,30,No,,"Non-powered/tent sites, Toilets - non-flush, Toilets",,Dogs with a DOC permit only. Contact closest <a href=""#contacts"">DOC office</a> to get a permit. <a ,,4WD,Refer to DOC website for current alerts,https://www.doc.govt.nz/thumbs/large/link/3a6193480ae3421fa50c4b986400bde9.jpg,https://www.doc.govt.nz/link/7c5dea41239f4c3982ed13fd4a10c03d.aspx,Located in Tongariro Forest Conservation Area,1817029,5675275,100000736,3/31/2026 9:09:36 AM,59c663a8-ac49-4946-9e14-1471298f0987,1817029.00000312,5675275.00000325
185462,Mt Nimrod Campsite,Hunters Hills area,Canterbury,A quiet campsite on the eastern flank of the Hunter Hills. There is a 3.5 km forest walk to a podocarp forest remnant.,Standard,0,10,Yes,,"Fire pit/place for campfires (except in fire bans), Non-powered/tent sites, Water from tap - not treated, boil before use, Toilets - non-flush, Toilets, Water supply",Walking and tramping,No dogs. <a href=""https://www.doc.govt.nz/parks-and-recreation/know-before-you-go/pets-on-conservati,Forest,"Campervan, Car, Caravan",Refer to DOC website for current alerts,https://www.doc.govt.nz/thumbs/large/link/ec6c84ef490048f1802ecfdb29c11a2b.jpg,https://www.doc.govt.nz/link/b8a5afc47c3c4aa1914401c4196ff6ef.aspx,Located in Hunters Hills area,1430581,5077608,100065797,3/31/2026 9:09:36 AM,e7076682-86c6-4cf4-aa08-7a08fe7c8cc2,1430580.99999908,5077608.00000173
185463,Elaine Bay Campsite,Pelorus Sound/Te Hoiere and Kenepuru Sound area,Marlborough,This campsite offers a good base for exploring Pelorus Sound by boat and walking or mountain biking nearby tracks.,Standard,0,20,Yes,,"Jetty, Non-powered/tent sites, Water from tap - not treated, boil before use, Toilets - non-flush, Toilets, Water supply",,No dogs. <a href=""https://www.doc.govt.nz/parks-and-recreation/know-before-you-go/pets-on-conservati,Coastal,"Campervan, Car, Caravan",Refer to DOC website for current alerts,https://www.doc.govt.nz/thumbs/large/link/707ae3bc736749d8ad9f892ed13a7e3c.jpg,https://www.doc.govt.nz/link/b00e7f8dcb7c4d7eb4cb8113c7a09571.aspx,Located in Pelorus Sound/Te Hoiere and Kenepuru Sound area,1664668,5454821,100066098,3/31/2026 9:09:36 AM,f2af9e77-8d13-413c-bc1a-538d4667b9f1,1664668.26890001,5454821.39060092
185464,Greenstone Campsite,Greenstone and Caples Conservation Areas,Otago,This backcountry campsite is located outside Greenstone Hut.,Backcountry,0,8,Yes,,"Toilets - flush, Water from tap - not treated, boil before use, Toilets, Water supply",Walking and tramping,No dogs. <a href=""https://www.doc.govt.nz/parks-and-recreation/know-before-you-go/pets-on-conservati,Alpine,Foot,Refer to DOC website for current alerts,https://www.doc.govt.nz/images/no-photo/no-photo-220x140.jpg,https://www.doc.govt.nz/link/13416e4b5b1249bd97c7899b63b7d7ef.aspx,Located in Greenstone and Caples Conservation Areas,1226496,5008420,100038641,3/31/2026 9:09:36 AM,6f2e7cc4-d790-4ee7-bec2-3819f0707996,1226495.99996109,5008420.00041222
185465,Motuora Island Campsite,Motuora Island,Auckland,"An island sanctuary for native flora and fauna, the camp is near a Māori historic site and early European settlement. ",Standard,0,18,Yes,,"Non-powered/tent sites, Shower - cold, Water from tap - not treated, boil before use, Toilets - non-flush, Toilets, Water supply","Bird and wildlife watching, Boating, Fishing, Kayaking and canoeing, Swimming, Walking and tramping",No dogs. <a href=""https://www.doc.govt.nz/parks-and-recreation/know-before-you-go/pets-on-conservati,Coastal,Boat,Refer to DOC website for current alerts,https://www.doc.govt.nz/thumbs/large/link/218191e516f5442285d09816ec6f81f4.aspx,https://www.doc.govt.nz/link/c5185577c6094aaaa12c832b8430453c.aspx,Located in Motuora Island,1760355,5958612,100043559,3/31/2026 9:09:36 AM,55e17970-bc5a-4b5f-a958-0c45fb7370b6,1760354.99040056,5958612.00000063
185466,Lake Māhinapua Campsite,Māhinapua Scenic Reserve,West Coast,Camp beside Lake Māhinapua within forest surroundings. A popular overnight and day stop. Enjoy water sports in the lake.,Standard,0,100,Yes,,"Boat launching, Jetty, Non-powered/tent sites, Shelter for cooking, Shower - cold, Toilets - flush, Water from tap - not treated, boil before use, Wheelchair accessible with assistance, Toilets, Water supply","Boating, Swimming",Dogs with a DOC permit only. Contact closest <a href=""#contacts"">DOC office</a> to get a permit. <a ,Rivers and lakes,"Campervan, Car, Caravan",Refer to DOC website for current alerts,https://www.doc.govt.nz/thumbs/large/link/ca530e5f21454f3ab73ab51c0ddba3fa.aspx,https://www.doc.govt.nz/link/bc426fe344d54ff9ad39301449dab043.aspx,Located in Māhinapua Scenic Reserve,1428348,5259848,100043034,3/31/2026 9:09:36 AM,38a62651-374d-4087-9dc4-09b201880a81,1428347.99999903,5259848.00000161
185467,Wooded Gully Campsite,Mount Thomas Forest Conservation Area,Canterbury,Camp beside a stream below tracks leading to Mt Thomas.,Standard,0,50,Yes,,"Non-powered/tent sites, Water from tap - not treated, boil before use, Wheelchair accessible with assistance, Toilets - non-flush, Toilets, Water supply",Walking and tramping,Dogs on a leash only. <a href=""https://www.doc.govt.nz/parks-and-recreation/know-before-you-go/pets-,Forest,"Campervan, Car, Caravan",Refer to DOC website for current alerts,https://www.doc.govt.nz/thumbs/large/link/4118735e7bde4f59a105b4fc6b502416.jpg,https://www.doc.govt.nz/link/3e18894098384f9dbc438c12e7c389ce.aspx,Located in Mount Thomas Forest Conservation Area,1546008,5217475,100064670,3/31/2026 9:09:36 AM,488e0512-b4e2-4e5a-8e1b-d45400003f35,1546008,5217475.00000105
185468,Cascade Creek Campsite,Fiordland National Park,Fiordland,This is a standard campsite in northern Fiordland that is good for larger vehicles.,Standard,0,140,Yes,,"Fire pit/place for campfires (except in fire bans), Non-powered/tent sites, Shelter for cooking, Water from stream, Wheelchair accessible, Toilets - non-flush, Toilets, Water supply",Fishing,No dogs. <a href=""https://www.doc.govt.nz/parks-and-recreation/know-before-you-go/pets-on-conservati,Rivers and lakes,"Campervan, Car, Caravan",Refer to DOC website for current alerts,https://www.doc.govt.nz/thumbs/large/link/6f2b7a0e9c664188a5db9d26496ac023.aspx,https://www.doc.govt.nz/link/1b40c89315e5410e930a629c174a093e.aspx,Located in Fiordland National Park,1211142,5016992,100039602,3/31/2026 9:09:36 AM,79e05688-eafa-4511-a1fd-f56056044b8d,1211141.99995664,5016992.00056307
185469,Poukaria Campsite,Whanganui National Park,Manawatu/Whanganui,This is a boat-in only campsite on the Whanganui Journey. There is no drive on access.,Great Walk,0,12,Yes,,"Non-powered/tent sites, Shelter for cooking, Water from tap - not treated, boil before use, Toilets - non-flush, Toilets, Water supply",,No dogs. <a href=""https://www.doc.govt.nz/parks-and-recreation/know-before-you-go/pets-on-conservati,Rivers and lakes,Boat,Refer to DOC website for current alerts,https://www.doc.govt.nz/thumbs/large/link/0d30aa783a1249f3bb79aad8e16a143c.jpg,https://www.doc.govt.nz/link/4a1a98d1d42a4023a7e15d9b98212760.aspx,Located in Whanganui National Park,1783561,5681984,100042739,3/31/2026 9:09:37 AM,5fe2597d-2497-4417-8894-308b55c7636a,1783561.00000126,5681984.00000139
185470,Hellawell's Campsite,Whanganui National Park,Manawatu/Whanganui,This backcountry campsite is located on the Mangapurua Track.,Backcountry,0,10,No,,"Toilets - non-flush, Toilets","Hunting, Mountain biking, Walking and tramping",No dogs. <a href=""https://www.doc.govt.nz/parks-and-recreation/know-before-you-go/pets-on-conservati,Forest,"Foot, Mountain bike",Refer to DOC website for current alerts,https://www.doc.govt.nz/images/no-photo/no-photo-220x140.jpg,https://www.doc.govt.nz/link/45afe47f2f104518b06aaa390d975c19.aspx,Located in Whanganui National Park,1770960,5655460,100092037,3/31/2026 9:09:37 AM,d3a53f20-1444-490a-bb82-a5348b9806ac,1770960.00000087,5655460.00000114
185471,Hall Arm Campsite,Fiordland National Park,Fiordland,"This is a basic campsite in western Fiordland. It's in a beautiful forest sitting beside the water, in Hall Arm, Doubtful Sound.",Basic,0,6,No,,"Non-powered/tent sites, Water from tap - not treated, boil before use, Toilets - non-flush, Toilets, Water supply",,No dogs. <a href=""https://www.doc.govt.nz/parks-and-recreation/know-before-you-go/pets-on-conservati,"Forest, Rivers and lakes",Boat,Refer to DOC website for current alerts,https://www.doc.govt.nz/thumbs/large/link/056323448d1b495eb46905dbc60cf8d4.jpg,https://www.doc.govt.nz/link/49d79eccf49e48fda06e2e6e9c324fc5.aspx,Located in Fiordland National Park,1137277,4947582,100042740,3/31/2026 9:09:37 AM,ef03f4b6-98b9-4752-9921-2caed37aed27,1137277.0000289,4947582.00248653
185472,Lindis Pass Historic Hotel Campsite,Lindis Valley area,Otago,This is a basic campsite in Central Otago. This historic reserve is steeped in heritage and includes the remarkable remains of the Lindis Pass Historic Hotel.,Basic,0,16,No,,"Non-powered/tent sites, Shelter for cooking, Water from stream, Toilets - non-flush, Toilets, Water supply",,No dogs. <a href=""https://www.doc.govt.nz/parks-and-recreation/know-before-you-go/pets-on-conservati,Forest,"Campervan, Car",Refer to DOC website for current alerts,https://www.doc.govt.nz/thumbs/large/link/cca1cca46c2b480387f217c6c276a6da.jpg,https://www.doc.govt.nz/link/4329c18f61b34c3ea43d14d287375208.aspx,Located in Lindis Valley area,1322276,5044436,100085145,3/31/2026 9:09:37 AM,f39ab91e-2771-4dcf-b49e-101f1469fd93,1322275.99998829,5044436.00003743
185473,Dart Campsite,Mount Aspiring National Park,Otago,This backcountry campsite is located near Dart Hut.,Backcountry,0,18,No,,"Toilets - flush, Water from tap - not treated, boil before use, Toilets, Water supply",,No dogs. <a href=""https://www.doc.govt.nz/parks-and-recreation/know-before-you-go/pets-on-conservati,Alpine,Foot,Refer to DOC website for current alerts,https://www.doc.govt.nz/thumbs/large/link/19a69a5bc170479ca44434c9d74db82a.aspx,https://www.doc.govt.nz/link/76c6ae7a63c94bbdaf6ee54a9886c808.aspx,Located in Mount Aspiring National Park,1246874,5060516,100042529,3/31/2026 9:09:37 AM,dba37724-0ce3-415b-94b6-b94ec1cc4f05,1246873.99996513,5060516.00024633
185474,Lake Tūtira Campsite,Tūtira area,Hawke’s Bay,"Camp at the southern end of the freshwater lake, and walk to Table Mountain Trig for views of inland Kaweka, Maungaharuru Range and coastal Hawke’s Bay. Enjoy fishing, swimming, kayaking and sailing on the lake.",Basic,0,0,No,,"Non-powered/tent sites, Water from tap - not treated, boil before use, Toilets - non-flush, Toilets, Water supply","Boating, Fishing, Kayaking and canoeing, Swimming",No dogs. <a href=""https://www.doc.govt.nz/parks-and-recreation/know-before-you-go/pets-on-conservati,Rivers and lakes,"Campervan, Car, Caravan",Refer to DOC website for current alerts,https://www.doc.govt.nz/thumbs/large/link/528ab5bdaab540c78c0d9904b20fc41e.jpg,https://www.doc.govt.nz/link/3196833f44ff46939ad885598123921e.aspx,Located in Tūtira area,1936037,5650062,100043678,3/31/2026 9:09:37 AM,f096d234-0fe3-4c14-8586-95148146e3ad,1936036.83613403,5650061.73508623
185475,Ohinepane Campsite,Ohinepane Recreation Reserve,Manawatu/Whanganui,"This is a Great Walk campsite in the Whanganui area. This is one of four road access points to the Whanganui Journey. Look and listen for kererū, tūi and fantail. Brown kiwi can often be heard at night.",Great Walk,0,36,Yes,,"Boat launching, Non-powered/tent sites, Shelter for cooking, Water from tap - not treated, boil before use, Wheelchair accessible with assistance, Toilets - non-flush, Toilets, Water supply","Bird and wildlife watching, Kayaking and canoeing",Dogs on a leash only. <a href=""https://www.doc.govt.nz/parks-and-recreation/know-before-you-go/pets-,"Forest, Rivers and lakes","Boat, Campervan, Car, Caravan",Refer to DOC website for current alerts,https://www.doc.govt.nz/thumbs/large/link/887404e19a2b448f8f354261d49252ee.jpg,https://www.doc.govt.nz/link/ee64fac6881b4af1bfe8494e0465eada.aspx,Located in Ohinepane Recreation Reserve,1786004,5687522,100044319,3/31/2026 9:09:37 AM,4e02ef99-564d-4a0a-9865-3169d51ee841,1786004.00000135,5687522.00000145
185476,White Horse Hill Campsite,Aoraki/Mount Cook National Park,Canterbury,Camp beneath magnificent alpine scenery including Mt Sefton. Enjoy a variety of walks from the valley floor to mountain tops.,Standard,0,72,Yes,,"Non-powered/tent sites, Shelter for cooking, Toilets - flush, Water from tap - treated, suitable for drinking, Toilets",Walking and tramping,No dogs. <a href=""https://www.doc.govt.nz/parks-and-recreation/know-before-you-go/pets-on-conservati,Alpine,"Campervan, Car, Caravan",Refer to DOC website for current alerts,https://www.doc.govt.nz/thumbs/large/link/4f9a5e57e4e34e678ca3148fa3f92ad4.jpg,https://www.doc.govt.nz/link/81173e8283b84a1eb09e9bd87533360e.aspx,Located in Aoraki/Mount Cook National Park,1365787,5155344,100043563,3/31/2026 9:09:37 AM,443c72ed-97e7-4b8d-9b8e-91048b0ac9c8,1365787.442995,5155343.77160912
185477,Wharehunga Bay Campsite,Queen Charlotte Sound/Tōtaranui area,Marlborough,North-facing site that is a great base for water-based activities in the outer Queen Charlotte Sound.,Backcountry,0,10,Yes,,"Non-powered/tent sites, Water from tap - not treated, boil before use, Toilets - non-flush, Toilets, Water supply",,No dogs. <a href=""https://www.doc.govt.nz/parks-and-recreation/know-before-you-go/pets-on-conservati,Coastal,Boat,Refer to DOC website for current alerts,https://www.doc.govt.nz/thumbs/large/link/57b866df51104630be08ceec6feb658b.jpg,https://www.doc.govt.nz/link/6f48fe1c940a40c980432e85ebf45eaf.aspx,Located in Queen Charlotte Sound/Tōtaranui area,1708285,5440490,100043483,3/31/2026 9:09:37 AM,6a781221-32dc-47c2-ad2a-526bd06bc328,1708285.00000009,5440490.00000094
185478,Young Forks Campsite,Mount Aspiring National Park,Otago,"This is a walk-in, backcountry campsite in the Wanaka/Makarora area. Camp in the Young Valley as part of the Gillespie Pass Circuit.",Backcountry,0,0,No,,"Non-powered/tent sites, Shelter for cooking, Water from stream, Water from tap - not treated, boil before use, Toilets - non-flush, Toilets, Water supply",Walking and tramping,No dogs. <a href=""https://www.doc.govt.nz/parks-and-recreation/know-before-you-go/pets-on-conservati,"Forest, Rivers and lakes",Foot,Refer to DOC website for current alerts,https://www.doc.govt.nz/thumbs/large/link/d3b5c40757484d9799bd72600bf5d3ce.aspx,https://www.doc.govt.nz/link/3fb3db2a9c0a4e9a86c1877cb9751810.aspx,Located in Mount Aspiring National Park,1291661,5101825,100064829,3/31/2026 9:09:37 AM,4380c9c9-89bd-4656-8047-c9fb3c2cdef5,1291660.99998013,5101825.00007946
185479,Dancing Camp Campsite,Coromandel Forest Park,Coromandel,This campsite on the Kauaeranga Kauri Trail is near the historic Dancing Camp kauri driving dam.,Backcountry,0,4,Yes,,"Water from tap - not treated, boil before use, Toilets - non-flush, Toilets, Water supply",,No dogs. <a href=""https://www.doc.govt.nz/parks-and-recreation/know-before-you-go/pets-on-conservati,,Foot,Refer to DOC website for current alerts,https://www.doc.govt.nz/thumbs/large/link/6c46fcdd187d4a6fb98c7b4b9f330842.aspx,https://www.doc.govt.nz/link/1a97bab60dd64501aa98f623023bdd80.aspx,Located in Coromandel Forest Park,1841200,5897228,100044311,3/31/2026 9:09:37 AM,bf3b71cb-84ea-4d42-8b4a-777dd979f0c9,1841200.00000518,5897228.00000533
185480,Te Iringa Campsite,Kaimanawa Forest Park,Central North Island,"This site is at the start of the Te Iringa Track which is popular for hunting, tramping and mountain biking.",Basic,0,4,No,,"Fire pit/place for campfires (except in fire bans), Non-powered/tent sites, Toilets - non-flush, Toilets","Hunting, Mountain biking, Walking and tramping",Dogs with a DOC permit only. Contact closest <a href=""#contacts"">DOC office</a> to get a permit. <a ,Forest,"Campervan, Car, Caravan",Refer to DOC website for current alerts,https://www.doc.govt.nz/thumbs/large/link/08581e8547524ce380353e49cebda21d.jpg,https://www.doc.govt.nz/link/50b74a52917c453fb385af854322157d.aspx,Located in Kaimanawa Forest Park,1879075,5683040,100043663,3/31/2026 9:09:37 AM,04c9afad-e383-4b4c-8b29-779c55424a36,1879075.00001228,5683040.00001942
185481,Marble Hill Campsite,Lewis Pass Scenic Reserve,West Coast,Explore this valley's alpine beauty and native birds in amazing red beech forests. Maruia Hot Springs are nearby.,Standard,0,20,Yes,,"BBQ, Non-powered/tent sites, Water from tap - not treated, boil before use, Wheelchair accessible with assistance, Toilets - non-flush, Toilets, Water supply","Bird and wildlife watching, Fishing, Scenic driving, Walking and tramping",No dogs. <a href=""https://www.doc.govt.nz/parks-and-recreation/know-before-you-go/pets-on-conservati,Forest,"Campervan, Car, Caravan",Refer to DOC website for current alerts,https://www.doc.govt.nz/thumbs/large/link/7af79064b8e341e6a5e7bcc3a9023541.aspx,https://www.doc.govt.nz/link/2edd9271a7144fb2bad5bc2747c28b84.aspx,Located in Lewis Pass Scenic Reserve,1536021,5311048,100043485,3/31/2026 9:09:37 AM,874fe251-fc24-4c03-91c5-f74012b9342a,1536021,5311048.00000101
185482,Schoolhouse Bay Campsite,Queen Charlotte Sound/Tōtaranui area,Marlborough,"A sheltered east-facing bay with walking, boating, mountain biking and fishing close by.",Backcountry,0,6,Yes,,"Non-powered/tent sites, Water from tap - not treated, boil before use, Toilets - non-flush, Toilets, Water supply","Boating, Fishing, Mountain biking, Walking and tramping",No dogs. <a href=""https://www.doc.govt.nz/parks-and-recreation/know-before-you-go/pets-on-conservati,Coastal,"Boat, Foot, Mountain bike",Refer to DOC website for current alerts,https://www.doc.govt.nz/thumbs/large/link/d12a109c84f248f1a26a780d586178be.aspx,https://www.doc.govt.nz/link/dd981b90ab7c419ab90e3d4aea0e7a20.aspx,Located in Queen Charlotte Sound/Tōtaranui area,1702842,5448159,100044428,3/31/2026 9:09:37 AM,9510602a-b9a0-4c94-a4c4-9b1df8cb96d6,1702842.00000007,5448159.00000094
185483,Routeburn Flats Campsite,Mount Aspiring National Park,Otago,"This is a walk-in, Great Walk campsite in the Route Burn valley, on the Routeburn Track in Mt Aspiring National Park. Bookings required in the Great Walks season.",Great Walk,0,15,Yes,,"Non-powered/tent sites, Shelter for cooking, Water from tap - not treated, boil before use, Toilets, Water supply",Camping,No dogs. <a href=""https://www.doc.govt.nz/parks-and-recreation/know-before-you-go/pets-on-conservati,,Foot,Refer to DOC website for current alerts,https://www.doc.govt.nz/thumbs/large/link/1fa0c63ee7b44b1dbfb055de48cc4bb3.jpg,https://www.doc.govt.nz/link/8effd736a4104c9a9e6a4f1c8633f1b4.aspx,Located in Mount Aspiring National Park,1220742,5036428,100042528,3/31/2026 9:09:37 AM,3e020036-f8f4-44ae-b0c3-4fb2a70ded35,1220741.99995731,5036428.00044961
185484,Humphries Bay Campsite,Lake Tarawera Scenic Reserve,Bay of Plenty,"A basic camping area at the northern arm of Lake Tarawera.  A great place for a swim, with beautiful water and superb views of Mount Tarawera.",Basic,0,0,No,,"Non-powered/tent sites, Toilets - non-flush, Toilets",Swimming,No dogs. <a href=""https://www.doc.govt.nz/parks-and-recreation/know-before-you-go/pets-on-conservati,Rivers and lakes,"Boat, Foot",Refer to DOC website for current alerts,https://www.doc.govt.nz/thumbs/large/link/fe73978d244a4bc8bb74858db4086da6.jpg,https://www.doc.govt.nz/link/8dc9f41a3112437a83441aae0d044367.aspx,Located in Lake Tarawera Scenic Reserve,1900476,5770190,100044419,3/31/2026 9:09:37 AM,cbba4b3e-695f-4484-869a-05239483ed3a,1900476.00001813,5770190.0000318
185485,Whangaiterenga Campsite,Coromandel Forest Park,Coromandel,Camp near to where the Whangaiterenga Stream and Kauaeranga River meet.,Standard,0,50,Yes,,"Non-powered/tent sites, Toilets - flush, Water from stream, Toilets, Water supply",Walking and tramping,No dogs. <a href=""https://www.doc.govt.nz/parks-and-recreation/know-before-you-go/pets-on-conservati,"Forest, Rivers and lakes","Campervan, Car, Caravan",Refer to DOC website for current alerts,https://www.doc.govt.nz/thumbs/large/link/bfd55300a6484da2937ce522f7cacef7.aspx,https://www.doc.govt.nz/link/cec221a08cf7477abfa799f739b08277.aspx,Located in Coromandel Forest Park,1835120,5892542,100044316,3/31/2026 9:09:37 AM,e3e80e69-cad3-4568-ba44-f15387528034,1835120.00000451,5892542.00000446
185486,Aorere Shelter Campsite,Kahurangi National Park,Nelson/Tasman,"This is a walk-in campsite on the Heaphy Track. On fine days following rain, Mt Taranaki can seen in the distance.",Great Walk,0,4,Yes,,"Non-powered/tent sites, Water from tap - not treated, boil before use, Toilets - non-flush, Toilets, Water supply",,No dogs. <a href=""https://www.doc.govt.nz/parks-and-recreation/know-before-you-go/pets-on-conservati,,"Foot, Mountain bike",Refer to DOC website for current alerts,https://www.doc.govt.nz/thumbs/large/link/398a78b57f6a4b1880fc074feab8cf1d.jpg,https://www.doc.govt.nz/link/94d6bd8d8a534778be98b7109d2c5805.aspx,Located in Kahurangi National Park,1552805,5472786,100042230,3/31/2026 9:09:37 AM,48016ccf-e6ef-4668-8f5a-914a78c4bd60,1552805.4824,5472785.94700091
185487,Kakaho Campsite,Pureora Forest Park,Waikato,Beside Kakaho Stream and dense podocarp forest. Swim in the stream or walk the Rimu Track through thick forest before climbing to a stunning viewpoint.,Standard,0,25,Yes,,"BBQ, Fire pit/place for campfires (except in fire bans), Non-powered/tent sites, Water from stream, Wheelchair accessible, Toilets - non-flush, Toilets, Water supply",,Dogs with a DOC permit only. Contact closest <a href=""#contacts"">DOC office</a> to get a permit. <a ,"Forest, Rivers and lakes","Campervan, Car, Caravan",Refer to DOC website for current alerts,https://www.doc.govt.nz/thumbs/large/link/18fb2a510b8e401c8662627bd54f15ab.jpg,https://www.doc.govt.nz/link/844242dfaf16481da735282960651795.aspx,Located in Pureora Forest Park,1836778,5727610,100031354,3/31/2026 9:09:37 AM,d774382b-c271-4dff-b8eb-02b18a08bf66,1836778.00000494,5727610.0000055
185488,Kenepuru Head Campsite,Pelorus Sound/Te Hoiere and Kenepuru Sound area,Marlborough,"Picturesque setting and a great base for a range of activities, including boating, fishing, walking and mountain biking on the nearby Queen Charlotte Track.",Standard,0,19,Yes,,"Non-powered/tent sites, Shelter for cooking, Shower - cold, Water from tap - not treated, boil before use, Wheelchair accessible with assistance, Toilets - non-flush, Toilets, Water supply","Boating, Fishing, Mountain biking, Walking and tramping",Dogs with a DOC permit only. Contact closest <a href=""#contacts"">DOC office</a> to get a permit. <a ,Coastal,"Boat, Campervan, Car, Caravan",Refer to DOC website for current alerts,https://www.doc.govt.nz/thumbs/large/link/449c9ffcf9674eff9fba31b8443732e9.aspx,https://www.doc.govt.nz/link/b507b541da634b2e928bef2371db8f3e.aspx,Located in Pelorus Sound/Te Hoiere and Kenepuru Sound area,1693786,5441344,100066100,3/31/2026 9:09:37 AM,56d3df54-fbcb-45c9-8303-d130766d67a5,1693786.00000004,5441344.00000094
185489,Beach Point At Walter Peak Campsite,Queenstown area,Otago,Camp on the shore of Lake Wakatipu at this boat or mountain bike accessible campsite. ,Backcountry,0,10,No,,"BBQ, Jetty, Non-powered/tent sites, Shelter for cooking, Water from stream, Toilets - non-flush, Toilets, Water supply","Boating, Camping, Mountain biking",No dogs. <a href=""https://www.doc.govt.nz/parks-and-recreation/know-before-you-go/pets-on-conservati,Rivers and lakes,"Boat, Foot, Mountain bike",Refer to DOC website for current alerts,https://www.doc.govt.nz/thumbs/large/link/fc7b5138594b4428bed5c7c75e0f0b37.aspx,https://www.doc.govt.nz/link/6610f762c6e341dabb3634df7790a1ed.aspx,Located in Queenstown area,1249238,4995853,100121279,3/31/2026 9:09:37 AM,1a72f92d-3013-48d5-969b-763f24665ca6,1249237.99996855,4995853.00025337
185490,Waiharuru Campsite,Te Urewera,East Coast,This campsite is on the Lake Waikaremoana Track next to Waiharuru Hut.,Great Walk,0,13,Yes,,"Water from tap - not treated, boil before use, Toilets - non-flush, Toilets, Water supply",,,"Forest, Rivers and lakes",Foot,Refer to DOC website for current alerts,https://www.doc.govt.nz/thumbs/large/link/1227e00f0087441d9f2b2bd2fbd4525b.aspx,https://www.doc.govt.nz/link/f56c5d8f6a294e8f83aab71a905eddc1.aspx,Located in Te Urewera,1950504,5703874,100043054,3/31/2026 9:09:37 AM,9d6770fc-5780-44a3-8a34-7b8b947a79ec,1950504.00004264,5703874.00011451
185491,Molesworth Cob Cottage Campsite,Molesworth Recreation Reserve,Marlborough,Camp near the original cob cottage built in 1885 close to the Molesworth Recreation Reserve boundary.,Standard,0,20,Yes,,"Non-powered/tent sites, Water from tap - not treated, boil before use, Toilets - non-flush, Toilets, Water supply","Fishing, Mountain biking, Scenic driving",No dogs. <a href=""https://www.doc.govt.nz/parks-and-recreation/know-before-you-go/pets-on-conservati,,"Campervan, Car, Mountain bike",Refer to DOC website for current alerts,https://www.doc.govt.nz/thumbs/large/link/e818eec4caf849c59135d6288294159e.jpg,https://www.doc.govt.nz/link/3bd9a0f5beb544979ccf0399a57a1224.aspx,Located in Molesworth Recreation Reserve,1622348,5340738,100066490,3/31/2026 9:09:37 AM,de359fd8-cdb4-4982-9cbe-11f3a302fef7,1622348,5340738.00000099
185492,Billygoat Basin Campsite,Coromandel Forest Park,Coromandel,This campsite is on the popular Billygoat Circuit.,Backcountry,0,8,Yes,,"Water from stream, Toilets - non-flush, Toilets, Water supply",Camping,No dogs. <a href=""https://www.doc.govt.nz/parks-and-recreation/know-before-you-go/pets-on-conservati,,Foot,Refer to DOC website for current alerts,https://www.doc.govt.nz/thumbs/large/link/393e4e9f8fac49b3be0049042753b741.aspx,https://www.doc.govt.nz/link/4ea62523f03f4908b43591f79716b7f7.aspx,Located in Coromandel Forest Park,1838900,5894200,100039994,3/31/2026 9:09:37 AM,8df6d4a8-16a5-4740-bb1d-29fbb295db13,1838900.00000493,5894200.00000499
185493,Urupukapuka Bay Campsite,Urupukapuka Island Recreation Reserve,Northland,"Set in stunning coastal surrounds, this is a great place for families to relax on the beach, swim, kayak, fish or explore the nearby walking tracks. ",Standard,0,60,Yes,,"Non-powered/tent sites, Shower - cold, Water from tap - not treated, boil before use, Toilets - non-flush, Toilets, Water supply","Bird and wildlife watching, Diving and snorkelling",No dogs. <a href=""https://www.doc.govt.nz/parks-and-recreation/know-before-you-go/pets-on-conservati,Coastal,Boat,Refer to DOC website for current alerts,https://www.doc.govt.nz/thumbs/large/link/897652964c9f47fd8ab88bd6f5f9384a.jpg,https://www.doc.govt.nz/link/a7c8ed9ea1864de5822809110f786a30.aspx,Located in Urupukapuka Island Recreation Reserve,1712715,6102119,100065351,3/31/2026 9:09:37 AM,3374dd8b-ed6b-4dd8-90a9-497b8fc2c186,1712715.00000008,6102119.0000003
185494,Ngaherenga Campsite,Pureora Forest Park,Waikato,"Camp near a stream beside lush forest and look out for native wildlife such as kākā, kōkako, kākāriki and short-tailed bats.",Standard,0,16,Yes,,"BBQ, Fire pit/place for campfires (except in fire bans), Non-powered/tent sites, Water from tap - not treated, boil before use, Toilets - non-flush, Toilets, Water supply",,No dogs. <a href=""https://www.doc.govt.nz/parks-and-recreation/know-before-you-go/pets-on-conservati,Forest,"Campervan, Car, Caravan",Refer to DOC website for current alerts,https://www.doc.govt.nz/thumbs/large/link/ac86892cc3b84e67b6ac02e3469a51bd.aspx,https://www.doc.govt.nz/link/28723ae27b854818ab3904932dc22fed.aspx,Located in Pureora Forest Park,1823414,5734345,100031355,3/31/2026 9:09:38 AM,8a0f536f-ec0c-48b8-94f6-c93157fc9e42,1823414.00000359,5734345.00000369
185495,Ahuriri Bridge Campsite,Omarama area,Canterbury,"Camp on the bank of the Ahuriri River under the shade of willow trees. Fish, walk or ride from here.",Basic,0,30,No,,"Non-powered/tent sites, Water from stream, Toilets - non-flush, Toilets, Water supply","Fishing, Mountain biking, Walking and tramping",No dogs. <a href=""https://www.doc.govt.nz/parks-and-recreation/know-before-you-go/pets-on-conservati,Rivers and lakes,"Campervan, Car, Caravan",Refer to DOC website for current alerts,https://www.doc.govt.nz/thumbs/large/link/6f0aa6e0081549b7a3536a80acdf3104.jpg,https://www.doc.govt.nz/link/772ea686da4b4d33a39b790f5b611d87.aspx,Located in Omarama area,1360340,5071785,100065798,3/31/2026 9:09:38 AM,251fcd27-af6a-4fba-8b31-ec0720c5e3d3,1360339.9999944,5071785.00001181
185496,Homestead Campsite,Oteake Conservation Park,Otago,"This is a basic campsite in Central Otago. This isolated campsite is the ideal base for mountain biking, hunting, fishing and tramping in the nearby St Bathans and Hawkdun Ranges.",Basic,0,20,No,,"Non-powered/tent sites, Shelter for cooking, Water from tap - not treated, boil before use, Wheelchair accessible with assistance, Toilets - non-flush, Toilets, Water supply",,Dogs on a leash only. <a href=""https://www.doc.govt.nz/parks-and-recreation/know-before-you-go/pets-,Rivers and lakes,"Campervan, Car, Caravan, 4WD",Refer to DOC website for current alerts,https://www.doc.govt.nz/thumbs/large/link/8af30d9816aa4729bb5df8c462d66cf2.jpg,https://www.doc.govt.nz/link/a94a7e0e5b774021a88746248152e25c.aspx,Located in Oteake Conservation Park,1353948,5037276,100038550,3/31/2026 9:09:38 AM,a32c0db0-b889-4e0d-8b90-2036df87624a,1353947.99999363,5037276.00001494
185497,Hans Bay - Lake Kaniere Campsite,Lake Kaniere Scenic Reserve,West Coast,"This is a large, grassy lake-front campsite beside beautiful Lake Kaniere. Fish from the jetty, boat or swim in the lake.",Standard,0,40,Yes,,"Boat launching, Jetty, Non-powered/tent sites, Shelter for cooking, Toilets - flush, Water from tap - not treated, boil before use, Toilets, Water supply","Boating, Fishing, Swimming",Dogs with a DOC permit only. Contact closest <a href=""#contacts"">DOC office</a> to get a permit. <a ,Rivers and lakes,"Campervan, Car, Caravan",Refer to DOC website for current alerts,https://www.doc.govt.nz/thumbs/large/link/53a79c78a55940e38f469672aa432daf.aspx,https://www.doc.govt.nz/link/f63676a7ea0d49158c237a08020ae192.aspx,Located in Lake Kaniere Scenic Reserve,1449134,5258774,100043033,3/31/2026 9:09:38 AM,a91357d6-9bc5-4025-a20c-a62f76997568,1449133.99999951,5258774.00000123
185498,Waihi Gorge Campsite,Geraldine area,Canterbury,"Located on the banks of the Waihī River, this campsite is a popular spot surrounded by kahikatea, mataī and lowland tōtara forest.",Standard,0,40,Yes,,"Fire pit/place for campfires (except in fire bans), Non-powered/tent sites, Toilets - flush, Water from tap - not treated, boil before use, Toilets, Water supply",,No dogs. <a href=""https://www.doc.govt.nz/parks-and-recreation/know-before-you-go/pets-on-conservati,Rivers and lakes,"Campervan, Car, Caravan",Refer to DOC website for current alerts,https://www.doc.govt.nz/thumbs/large/link/8b4539ec2e714e80b204dc464589f94e.aspx,https://www.doc.govt.nz/link/2e35c49aa37b4c98adeede41dcd25ea3.aspx,Located in Geraldine area,1452060,5126184,100043672,3/31/2026 9:09:38 AM,4d3690d5-aa26-4e18-ae43-ee47ed6627cd,1452059.99999955,5126184.00000127
185499,South Big Glory Campsite,Stewart Island/Rakiura,Southland,This campsite is located in Big Glory Bay. It is only accessible by boat and is a popular restricted hunting area.,Backcountry,0,0,No,,"Toilets - non-flush, Toilets",Hunting,No dogs. <a href=""https://www.doc.govt.nz/parks-and-recreation/know-before-you-go/pets-on-conservati,Coastal,Boat,Refer to DOC website for current alerts,https://www.doc.govt.nz/images/no-photo/no-photo-220x140.jpg,https://www.doc.govt.nz/link/4e079cd24e3c48ad8cf86604b66d9f5e.aspx,Located in Stewart Island/Rakiura,1230503,4784591,100030342,3/31/2026 9:09:38 AM,d152711d-1561-45d4-8272-cf28a2bb7612,1230502.99038167,4784591.00050941
185500,Kaimanawa Road Campsite,Kaimanawa Forest Park,Central North Island,A basic campsite in the Kaimanawa Forest Park. Many forest walks start nearby.,Basic,0,10,No,,"Fire pit/place for campfires (except in fire bans), Non-powered/tent sites, Toilets - non-flush, Toilets",Walking and tramping,Dogs with a DOC permit only. Contact closest <a href=""#contacts"">DOC office</a> to get a permit. <a ,,"Campervan, Car, Caravan",Refer to DOC website for current alerts,https://www.doc.govt.nz/thumbs/large/link/9dc3989079b24a948dc5b87d68b24eba.jpg,https://www.doc.govt.nz/link/edc7219060794c8d9794cb890e13d10f.aspx,Located in Kaimanawa Forest Park,1844270,5664178,100066038,3/31/2026 9:09:38 AM,3afec306-82b8-44d8-8be4-175a9130f059,1844270.00000595,5664178.00000729
185501,Mangawaiiti Campsite,Whanganui National Park,Manawatu/Whanganui,This is a boat-in only campsite on the Whanganui Journey. There is no drive on access.,Great Walk,0,26,Yes,,"Non-powered/tent sites, Shelter for cooking, Water from tap - not treated, boil before use, Toilets - non-flush, Toilets, Water supply",,No dogs. <a href=""https://www.doc.govt.nz/parks-and-recreation/know-before-you-go/pets-on-conservati,Rivers and lakes,Boat,Refer to DOC website for current alerts,https://www.doc.govt.nz/thumbs/large/link/e7540c9287114c1396c96bef987311cd.jpg,https://www.doc.govt.nz/link/64b830dec8014bbdb66d1fa4baea3c43.aspx,Located in Whanganui National Park,1764320,5649965,100031359,3/31/2026 9:09:38 AM,dcd73533-6e45-4512-8aeb-f28da1e198eb,1764320.00000071,5649965.00000104
185502,Trotters Gorge Campsite,Moeraki area,Otago,This is a quiet family standard campsite on the Otago coast in a bush setting. It connects with two riverside tracks.,Standard,0,10,Yes,,"Non-powered/tent sites, Water from stream, Toilets - non-flush, Toilets, Water supply",Walking and tramping,Dogs on a leash only. <a href=""https://www.doc.govt.nz/parks-and-recreation/know-before-you-go/pets-,Forest,"Campervan, Car, Caravan",Refer to DOC website for current alerts,https://www.doc.govt.nz/thumbs/large/link/abe7ae9576c946a7a2b8c76d44bb72fd.aspx,https://www.doc.govt.nz/link/3d178eddc761482bb514a165860862d3.aspx,Located in Moeraki area,1426406,4969749,100065537,3/31/2026 9:09:38 AM,f28ccf16-b007-49fe-9ce7-49bcb564a6e6,1426405.99999896,4969749.00000199
185503,Kinloch Campsite,Glenorchy area,Otago,"Camp on the shores of Lake Wakatipu, New Zealand’s longest lake. Explore the area along the Caples or the Greenstone tramping tracks. Swim, kayak, fish or go boating on the lake, or enjoy the scenery.",Standard,0,15,Yes,,"Boat launching, Jetty, Non-powered/tent sites, Water from tap - not treated, boil before use, Wheelchair accessible, Toilets - non-flush, Toilets, Water supply","Boating, Fishing",Dogs on a leash only. <a href=""https://www.doc.govt.nz/parks-and-recreation/know-before-you-go/pets-,Rivers and lakes,"Boat, Campervan, Car, Caravan",Refer to DOC website for current alerts,https://www.doc.govt.nz/thumbs/large/link/589031bb7e1f4f1889d9abbd2f551e3c.jpg,https://www.doc.govt.nz/link/a8115b67bce049f3acdada4d3556c96d.aspx,Located in Glenorchy area,1232511,5023883,100031418,3/31/2026 9:09:38 AM,d26163b0-8237-49e5-aa12-24be8d9af7fb,1232510.99996184,5023883.0003549
185504,Waiharakeke Bay Campsite,Abel Tasman National Park,Nelson/Tasman,Walk-in or boat-in to this campsite on the Waiharakeke to Whariwharangi section of the Abel Tasman Coast Track. There is no drive on access.,Great Walk,0,10,Yes,,"Fire pit/place for campfires (except in fire bans), Non-powered/tent sites, Toilets - flush, Water from tap - not treated, boil before use, Toilets, Water supply",,No dogs. <a href=""https://www.doc.govt.nz/parks-and-recreation/know-before-you-go/pets-on-conservati,,"Boat, Foot",Refer to DOC website for current alerts,https://www.doc.govt.nz/thumbs/large/link/403dd1e576e04b74bde16e05de5b5ad6.jpg,https://www.doc.govt.nz/link/0ba5c29cd30347c5a53ff5494bf0bb82.aspx,Located in Abel Tasman National Park,1601314,5477980,100065882,3/31/2026 9:09:38 AM,12ff1fe1-dfa5-4d8b-a994-06a3a6cc670d,1601314,5477980.00000091
185505,Apple Tree Bay Campsite,Abel Tasman National Park,Nelson/Tasman,Walk-in or boat-in to this beachside campsite on the Tinline to Anchorage section of the Abel Tasman Coast Track. There is no drive on access.,Great Walk,0,15,Yes,,"Non-powered/tent sites, Water from tap - not treated, boil before use, Toilets - non-flush, Toilets, Water supply",,No dogs. <a href=""https://www.doc.govt.nz/parks-and-recreation/know-before-you-go/pets-on-conservati,Coastal,"Boat, Foot",Refer to DOC website for current alerts,https://www.doc.govt.nz/thumbs/large/link/e132da4297634641ac2e769987b5aaa9.aspx,https://www.doc.govt.nz/link/6b08da36a6d54dcab4e2f958e3005a32.aspx,Located in Abel Tasman National Park,1603169,5463208,100043769,3/31/2026 9:09:38 AM,1b5ebacd-15e0-4632-955e-709dd97cc307,1603169,5463208.00000092
185506,Whitikau Campsite,Ōpōtiki area,East Coast,A remote campsite at Whitikau entrance to Raukumara Conservation Park.,Basic,0,16,No,,"Non-powered/tent sites, Water from stream, Toilets - non-flush, Toilets, Water supply","Fishing, Hunting, Mountain biking, Swimming, Walking and tramping",No dogs. <a href=""https://www.doc.govt.nz/parks-and-recreation/know-before-you-go/pets-on-conservati,"Forest, Rivers and lakes","Campervan, Car, Caravan",Refer to DOC website for current alerts,https://www.doc.govt.nz/thumbs/large/link/615d2884178d45a1b542e1e5bdd1d73d.jpg,https://www.doc.govt.nz/link/fdb0aad03b094713bd9bdd081d260e0e.aspx,Located in Ōpōtiki area,2002438,5771214,100043680,3/31/2026 9:09:38 AM,d319d0a9-9490-4040-a0a2-12de08d9e4e3,2002438.00008974,5771214.00032399
185507,Shag Stream Campsite,Coromandel Forest Park,Coromandel,"This scenic, riverside campsite is an ideal base for exploring the Valley. A replica kauri dam is a 20 minute walk away.",Standard,0,30,Yes,,"Non-powered/tent sites, Water from stream, Toilets - non-flush, Toilets, Water supply",,No dogs. <a href=""https://www.doc.govt.nz/parks-and-recreation/know-before-you-go/pets-on-conservati,"Forest, Rivers and lakes","Campervan, Car",Refer to DOC website for current alerts,https://www.doc.govt.nz/thumbs/large/link/5adf2cb4d3c94882ae86d9a579e0f787.jpg,https://www.doc.govt.nz/link/3a124c8f0b054182b1dc72318ecb3779.aspx,Located in Coromandel Forest Park,1833665,5888280,100065596,3/31/2026 9:09:38 AM,59555761-9d91-4ebf-94c9-6f32d3ee6a68,1833665.00000437,5888280.00000429
185508,Whakahoro Campsite,Whanganui National Park,Manawatu/Whanganui,"This is a Great Walk campsite in the Whanganui area. A large, flat, grassy site beside the river, and a good starting or mid-point stop if undertaking the Whanganui Journey.",Great Walk,0,36,Yes,,"Boat launching, Non-powered/tent sites, Shelter for cooking, Water from tap - not treated, boil before use, Wheelchair accessible with assistance, Toilets - non-flush, Toilets, Water supply",,No dogs. <a href=""https://www.doc.govt.nz/parks-and-recreation/know-before-you-go/pets-on-conservati,Rivers and lakes,"Boat, Campervan, Car, Caravan",Refer to DOC website for current alerts,https://www.doc.govt.nz/thumbs/large/link/0ea14bbd06054bed923e94259d0ab0bc.jpg,https://www.doc.govt.nz/link/afc10f759fa74e848e4f7c5643dccee9.aspx,Located in Whanganui National Park,1779053,5669059,100031361,3/31/2026 9:09:38 AM,be8d9628-ff34-4b60-9a82-e080c200e2ab,1779053.00000111,5669059.00000129
185509,Simpsons Domain Campsite,Hunterville area,Manawatu/Whanganui,Simpsons Domain Campsite is permanently closed.,Basic,0,0,No,,Toilets,,Not Applicable,,,Refer to DOC website for current alerts,https://www.doc.govt.nz/images/no-photo/no-photo-220x140.jpg,https://www.doc.govt.nz/link/0e62cd30ab694796ac11d81de43e0215.aspx,Located in Hunterville area,1822148,5579882,100095962,3/31/2026 9:09:38 AM,3278cf5b-31c6-454e-9c9c-4b9a9d033ba6,1822148.00000362,5579882.00000414
185510,Hot Water Beach Campsite,Lake Tarawera Scenic Reserve,Bay of Plenty,Relax in the natural hot springs in Te Rātā Bay. Enjoy water sports or explore the tracks in other areas around Lake Tarawera.,Standard,0,30,Yes,,"Non-powered/tent sites, Shelter for cooking, Toilets - non-flush, Toilets",,No dogs. <a href=""https://www.doc.govt.nz/parks-and-recreation/know-before-you-go/pets-on-conservati,Rivers and lakes,"Boat, Foot",Refer to DOC website for current alerts,https://www.doc.govt.nz/thumbs/large/link/2b6d288035bc43fbb64494af4ee09a0b.jpg,https://www.doc.govt.nz/link/d4e01427ce024b2eb92738afbb3c2c6f.aspx,Located in Lake Tarawera Scenic Reserve,1900515,5761523,100044418,3/31/2026 9:09:38 AM,f26ff8a9-d224-4cc1-8529-30e866f5622d,1900515.00001818,5761523.0000321
185511,Loch Katrine Campsite,Lake Sumner Forest Park,Canterbury,"Camp beside the beautiful lake in a grassy area. Walk or mountain bike from here, or take a swim in the icy waters.",Basic,0,30,No,,"Non-powered/tent sites, Water from tap - not treated, boil before use, Toilets - non-flush, Toilets, Water supply","Four wheel driving, Mountain biking, Swimming, Walking and tramping",Dogs on a leash only. <a href=""https://www.doc.govt.nz/parks-and-recreation/know-before-you-go/pets-,Rivers and lakes,,Refer to DOC website for current alerts,https://www.doc.govt.nz/thumbs/large/link/f7b4a68fcb18489f9940592661bfa464.aspx,https://www.doc.govt.nz/link/b573ecf21bde4a1a95ba789b11052b62.aspx,Located in Lake Sumner Forest Park,1535016,5269560,100064665,3/31/2026 9:09:38 AM,a129a60c-dda2-4690-93f9-9a7da58b7482,1535015.99999999,5269560.00000103
185512,John Coull Campsite,Whanganui National Park,Manawatu/Whanganui,This is a boat-in only campsite on the Whanganui Journey. There is no drive on access.,Great Walk,0,26,Yes,,"Non-powered/tent sites, Shelter for cooking, Water from tap - not treated, boil before use, Toilets - non-flush, Toilets, Water supply",,No dogs. <a href=""https://www.doc.govt.nz/parks-and-recreation/know-before-you-go/pets-on-conservati,Rivers and lakes,Boat,Refer to DOC website for current alerts,https://www.doc.govt.nz/thumbs/large/link/d35540e4c7dc407c9182b03ebb14f303.jpg,https://www.doc.govt.nz/link/851b887589be46b89cf9ac49284cbfad.aspx,Located in Whanganui National Park,1765211,5655602,100042738,3/31/2026 9:09:38 AM,32c1e2be-4764-49c3-8da6-9a7e8d18d9a7,1765211.00000073,5655602.00000105
185513,"Rerewhakaaitu, Brett Road Campsite",Lake Rerewhakaaitu Recreation Reserve,Bay of Plenty,"Camp on the shores of Lake Rerewhakaaitu - there is good fishing, swimming and walking nearby.",Standard,0,25,Yes,,"Boat launching, Non-powered/tent sites, Shelter for cooking, Water from stream, Wheelchair accessible with assistance, Toilets - non-flush, Toilets, Water supply","Fishing, Kayaking and canoeing",No dogs. <a href=""https://www.doc.govt.nz/parks-and-recreation/know-before-you-go/pets-on-conservati,Rivers and lakes,"Campervan, Car, Caravan",Refer to DOC website for current alerts,https://www.doc.govt.nz/thumbs/large/link/c1ba7b42eced432b8f55518eddeecd1f.jpg,https://www.doc.govt.nz/link/9b073d6671c1403e8f9dad1a6022252a.aspx,Located in Lake Rerewhakaaitu Recreation Reserve,1905800,5756930,100043562,3/31/2026 9:09:38 AM,0c935c7b-d84c-4259-91d8-750717bd5bc2,1905800.00002003,5756930.00003696
185514,Cobb River Campsite,Cobb Valley,Nelson/Tasman,"Camp beside the Cobb River, which offers good swimming and fishing.",Basic,0,20,No,,"Fire pit/place for campfires (except in fire bans), Non-powered/tent sites, Water from stream, Toilets - non-flush, Toilets, Water supply","Fishing, Swimming",No dogs. <a href=""https://www.doc.govt.nz/parks-and-recreation/know-before-you-go/pets-on-conservati,Rivers and lakes,"Car, 4WD",Refer to DOC website for current alerts,https://www.doc.govt.nz/thumbs/large/link/3df44025ffe1457e8b3d7b684d650287.jpg,https://www.doc.govt.nz/link/258bb2b2f02741289504b2e7fc9a4675.aspx,Located in Cobb Valley,1567688,5446880,100065558,3/31/2026 9:09:38 AM,ae876598-7122-47dd-af90-4288c421993d,1567688,5446880.00000093
185515,Pandora Campsite,Te Paki Recreation Reserve,Northland,"Camp in a picturesque setting in beautiful Pandora bay. Only accessible on foot and with minimal facilities, this is the spot for those seeking a true wilderness experience.",Backcountry,0,12,No,,"Non-powered/tent sites, Shelter for cooking, Water from tap - not treated, boil before use, Toilets - non-flush, Toilets, Water supply","Bird and wildlife watching, Diving and snorkelling, Fishing, Swimming, Walking and tramping",No dogs. <a href=""https://www.doc.govt.nz/parks-and-recreation/know-before-you-go/pets-on-conservati,Coastal,Foot,Refer to DOC website for current alerts,https://www.doc.govt.nz/thumbs/large/link/97a5b3a32b6e43b88b187aec920d6d5a.jpg,https://www.doc.govt.nz/link/0bed132cee8c48599e825bdb1690fc31.aspx,Located in Te Paki Recreation Reserve,1579567,6187667,100082533,3/31/2026 9:09:38 AM,170c90a4-c09f-4bf5-acd9-ff9ad078900d,1579566.8541,6187667.4843002
185516,Tōtaranui Campground,Abel Tasman National Park,Nelson/Tasman,"Camp next to the clear waters and golden sands of Tōtaranui beach at the northern end of the Abel Tasman National Park. It's a great place to relax on the beach, swim, kayak, fish or explore native bush on one of the nearby tracks.",Standard,0,269,Yes,,"Boat launching, Fire pit/place for campfires (except in fire bans), Dump station, Non-powered/tent sites, Shower - cold, Toilets - flush, Water from tap - not treated, boil before use, Wheelchair accessible with assistance, Toilets, Water supply","Boating, Fishing, Kayaking and canoeing, Mountain biking, Swimming, Walking and tramping",No dogs. <a href=""https://www.doc.govt.nz/parks-and-recreation/know-before-you-go/pets-on-conservati,Coastal,"Boat, Campervan, Car, Caravan",Refer to DOC website for current alerts,https://www.doc.govt.nz/thumbs/large/link/d08e75fe8f1f40819ff8c0b9b27e45c9.jpg,https://www.doc.govt.nz/link/46ec985c84aa4df993cec51b96d8f6e3.aspx,Located in Abel Tasman National Park,1600414,5481379,100043766,3/31/2026 9:09:38 AM,4d7fe5a4-0fe5-4b49-b7a4-5bc3d4ad9c6d,1600414,5481379.0000009
185517,Boulders Campsite,Ōpōtiki area,East Coast,"Next to the Te Waiti Stream, surrounded by nikau palms and tawa forest, this picturesque campsite is popular for swimming and picnicking.",Basic,0,16,No,,"BBQ, Non-powered/tent sites, Water from stream, Toilets - non-flush, Toilets, Water supply","Picnicking, Swimming",No dogs. <a href=""https://www.doc.govt.nz/parks-and-recreation/know-before-you-go/pets-on-conservati,"Forest, Rivers and lakes",Car,Refer to DOC website for current alerts,https://www.doc.govt.nz/images/no-photo/no-photo-220x140.jpg,https://www.doc.govt.nz/link/b54818be29d5440991cfc12cb3bcebd7.aspx,Located in Ōpōtiki area,1984926,5771431,100065879,3/31/2026 9:09:38 AM,1b240e0d-0711-4438-827a-7e05db52134c,1984926.00007065,5771431.00022698
185518,Macetown Campsite,Macetown Historic Reserve,Otago,"This is a basic campsite in the Queenstown/Wakatipu area, 15 km from Arrowtown, at the end of a 4WD road that crosses the Arrow River numerous times. ",Basic,0,36,No,,"Non-powered/tent sites, Water from stream, Toilets - non-flush, Toilets, Water supply",Camping,Dogs on a leash only. <a href=""https://www.doc.govt.nz/parks-and-recreation/know-before-you-go/pets-,Rivers and lakes,"Foot, 4WD, Mountain bike",Refer to DOC website for current alerts,https://www.doc.govt.nz/thumbs/large/link/0601eb1da9654a978bacff2005874b38.aspx,https://www.doc.govt.nz/link/4c5ff1ac99ac4273a2ea55fe996d80ad.aspx,Located in Macetown Historic Reserve,1269866,5023335,100039788,3/31/2026 9:09:38 AM,0cf41d7e-7986-46e7-a854-55d14cbe40bb,1269865.99997433,5023335.00015078
185519,Rarangi Campsite,Blenheim area,Marlborough,"Camp next to the beach. Fish, walk, picnic, or simply sit and enjoy the roar of the waves.",Standard,0,40,Yes,,"Non-powered/tent sites, Shower - cold, Toilets - flush, Water from tap - not treated, boil before use, Wheelchair accessible, Toilets, Water supply",,Dogs on a leash only. <a href=""https://www.doc.govt.nz/parks-and-recreation/know-before-you-go/pets-,Coastal,"Campervan, Car, Caravan",Refer to DOC website for current alerts,https://www.doc.govt.nz/thumbs/large/link/1b698c516b714b63b30de03203738e17.jpg,https://www.doc.govt.nz/link/f5c4e8776bee486aaa1ae8ebdc1e48f8.aspx,Located in Blenheim area,1687530,5417097,100030520,3/31/2026 9:09:38 AM,51a2e0e1-2332-4d52-a08a-90cf8d143d10,1687530.00000003,5417097.00000095
185520,Gouland Downs Campsite,Kahurangi National Park,Nelson/Tasman,"This is a walk-in campsite on the Heaphy Track. It's nestled against beech forest on a limestone outcrop. Explore the numerous caves, nooks and crannies in the area. ",Great Walk,0,5,Yes,,"Non-powered/tent sites, Water from tap - not treated, boil before use, Toilets - non-flush, Toilets, Water supply",,No dogs. <a href=""https://www.doc.govt.nz/parks-and-recreation/know-before-you-go/pets-on-conservati,Forest,"Foot, Mountain bike",Refer to DOC website for current alerts,https://www.doc.govt.nz/thumbs/large/link/557bfeb976d948dfab7ad6ba3b6f7d8e.jpg,https://www.doc.govt.nz/link/f021b77cdb094215ab3bc44ecc54d85e.aspx,Located in Kahurangi National Park,1545526,5473191,100042231,3/31/2026 9:09:38 AM,78901522-74b0-46c3-87a7-c5ad8bc5a0d6,1545526.3683,5473191.49760091
185521,Otamure Bay (Whananaki) Campsite,Whananaki area,Northland,Camp in a beach-front setting with large pōhutukawa trees for shade. Relax on the beach or walk along the coast.,Standard,0,130,Yes,,"Boat launching, Non-powered/tent sites, Shelter for cooking, Shower - cold, Water from tap - not treated, boil before use, Wheelchair accessible, Toilets - non-flush, Toilets, Water supply","Diving and snorkelling, Fishing, Swimming, Walking and tramping",No dogs. <a href=""https://www.doc.govt.nz/parks-and-recreation/know-before-you-go/pets-on-conservati,Coastal,"Campervan, Car, Caravan",Refer to DOC website for current alerts,https://www.doc.govt.nz/thumbs/large/link/83508325e70344fab05d64566981c09c.jpg,https://www.doc.govt.nz/link/ca352b0bcb524841b3848aa2ebe231e3.aspx,Located in Whananaki area,1732552,6071381,100031414,3/31/2026 9:09:39 AM,eb6f7186-7045-4f2a-b653-f643af29e86e,1732552.00000019,6071381.00000037
185522,Crosbies Hut Backcountry Campsite,Coromandel Forest Park,Coromandel,This backcountry campsite is located outside Crosbies Hut.,Backcountry,0,10,Yes,,"Water from tap - not treated, boil before use, Toilets - non-flush, Toilets, Water supply",Walking and tramping,,Forest,Foot,Refer to DOC website for current alerts,https://www.doc.govt.nz/thumbs/large/link/753730b8865e4f3e851988cc3d9a2f10.aspx,https://www.doc.govt.nz/link/6da2c7df024a47d1b840f5399278b952.aspx,Located in Coromandel Forest Park,1831393,5896813,100038353,3/31/2026 9:09:39 AM,936ab809-153e-4d48-9a20-13dccd75e28b,1831393.00000413,5896813.00000397
185523,Pleasant Flat Campsite,Mount Aspiring National Park,Otago,"This is a standard campsite in the Wanaka/Makarora area. Take in the magnificent views of Mt Hooker from the campsite. Fish in nearby Haast River, enjoy short walks or picnics.",Standard,0,22,Yes,,"Non-powered/tent sites, Shelter for cooking, Toilets - flush, Water from tap - not treated, boil before use, Wheelchair accessible, Toilets, Water supply",Fishing,No dogs. <a href=""https://www.doc.govt.nz/parks-and-recreation/know-before-you-go/pets-on-conservati,Rivers and lakes,"Campervan, Car, Caravan",Refer to DOC website for current alerts,https://www.doc.govt.nz/thumbs/large/link/88b87b36fb714b15a7964c3bfe6528e9.jpg,https://www.doc.govt.nz/link/6a4b26aec95442bb8704ffc06a1871a7.aspx,Located in Mount Aspiring National Park,1309901,5120448,100065484,3/31/2026 9:09:39 AM,6fd003f8-132c-4917-9868-2ac43ec889c0,1309900.99998512,5120448.00004801
185524,Akapoua Bay Campsite,Great Barrier Island/Aotea,Auckland,"A popular family camping area near the sheltered waters of Port FitzRoy, with easy access to many of the island's walking tracks.",Standard,0,30,Yes,,"Boat launching, Non-powered/tent sites, Shelter for cooking, Shower - cold, Water from tap - not treated, boil before use, Toilets - non-flush, Toilets, Water supply","Boating, Fishing, Walking and tramping",No dogs. <a href=""https://www.doc.govt.nz/parks-and-recreation/know-before-you-go/pets-on-conservati,Coastal,"Campervan, Car, Caravan",Refer to DOC website for current alerts,https://www.doc.govt.nz/thumbs/large/link/80714c341c5d49388b74288d98b37577.jpg,https://www.doc.govt.nz/link/17d7e700a78a4428949f79df1b5a6b3e.aspx,Located in Great Barrier Island/Aotea,1812555,5994397,100065669,3/31/2026 9:09:39 AM,e47c122e-f62d-4b52-8f21-236031159f00,1812555.00000249,5994397.00000203
185525,Quailburn Campsite,Ahuriri Conservation Park,Canterbury,Quailburn Campsite is closed.,Basic,0,0,No,,Toilets,,No dogs. <a href=""https://www.doc.govt.nz/parks-and-recreation/know-before-you-go/pets-on-conservati,,,Refer to DOC website for current alerts,https://www.doc.govt.nz/thumbs/large/link/88cce463452842c6bf44ed12f54204a3.aspx,https://www.doc.govt.nz/link/fa9c1ba17869436282fad12bef7466fc.aspx,Located in Ahuriri Conservation Park,1345400,5082890,100100774,3/31/2026 9:09:39 AM,41839908-1ade-44fe-a415-11eb64f932f8,1345399.99039236,5082890.0000183
185526,Angelus Hut Campsite,Nelson Lakes National Park,Nelson/Tasman,This backcountry campsite is located outside Angelus Hut.,Backcountry,0,5,Yes,,"Toilets - non-flush, Toilets",,No dogs. <a href=""https://www.doc.govt.nz/parks-and-recreation/know-before-you-go/pets-on-conservati,Alpine,Foot,Refer to DOC website for current alerts,https://www.doc.govt.nz/thumbs/large/link/b1f7cf8fbdf742e2812326a56ed47545.aspx,https://www.doc.govt.nz/link/d3c83ac2158749278231116684f853b8.aspx,Located in Nelson Lakes National Park,1579151,5362601,100086346,3/31/2026 9:09:39 AM,db4bc8ed-8f46-43f6-8eb0-9b8f90ead7b3,1579151,5362601.00000098
185527,Ballroom Overhang Campsite,Paparoa National Park,West Coast,This backcountry campsite is located on Ballroom Overhang Track.,Backcountry,0,10,No,,"Toilets - non-flush, Toilets",,No dogs. <a href=""https://www.doc.govt.nz/parks-and-recreation/know-before-you-go/pets-on-conservati,"Forest, Rivers and lakes",Foot,Refer to DOC website for current alerts,https://www.doc.govt.nz/thumbs/large/link/20e4c258aa0d45e0b69859c01f6f9549.aspx,https://www.doc.govt.nz/link/cbaccc2fb5db475294c45dca67687652.aspx,Located in Paparoa National Park,1471157,5344250,100031364,3/31/2026 9:09:39 AM,47c880d3-24c5-460d-8b59-633b4da4a9d3,1471156.99999979,5344250.00000104
185528,Catchpool Valley Campsite,Catchpool Valley & Ōrongorongo Valley,Wellington/Kapiti,This is a standard campsite in the Wellington region. Camp beside Catchpool Stream close to walks in the Ōrongorongo Valley.,Standard,0,76,Yes,,"BBQ, Non-powered/tent sites, Phone, Shelter for cooking, Shower - cold, Toilets - flush, Water from tap - not treated, boil before use, Wheelchair accessible, Toilets, Water supply","Mountain biking, Picnicking, Swimming, Walking and tramping",Dogs on a leash only. <a href=""https://www.doc.govt.nz/parks-and-recreation/know-before-you-go/pets-,,"Campervan, Car, Caravan",Refer to DOC website for current alerts,https://www.doc.govt.nz/thumbs/large/link/5f66353a475b4d47b956b5abdac7dcfb.jpg,https://www.doc.govt.nz/link/ac8b661052304272ad2d7f6fbd5ef61c.aspx,Located in Catchpool Valley & Ōrongorongo Valley,1760876,5420387,100044321,3/31/2026 9:09:39 AM,eb9df67d-d2ea-46b1-a7ea-ae37478a41dd,1760876.00000067,5420387.00000123
185529,Greenstone Saddle Campsite,Fiordland National Park,Otago,This campsite is located on the track between Lake Howden outlet and the Greenstone and Caples tracks.,Backcountry,0,10,No,,"Toilets - non-flush, Toilets",Walking and tramping,No dogs. <a href=""https://www.doc.govt.nz/parks-and-recreation/know-before-you-go/pets-on-conservati,Alpine,Foot,Refer to DOC website for current alerts,https://www.doc.govt.nz/images/no-photo/no-photo-220x140.jpg,https://www.doc.govt.nz/link/51ed184be9f34ab293ce87bfc5013dc2.aspx,Located in Fiordland National Park,1215601,5024665,100064831,3/31/2026 9:09:39 AM,b1c49749-682f-484d-8a4f-2d0055385a10,1215600.9999569,5024665.00050836
185530,Iris Burn Campsite,Fiordland National Park,Fiordland,"This is a walk-in, Great Walk campsite in the Iris Burn valley, on the Kepler Track in Fiordland National Park. Bookings required in the Great Walks season. Kea are frequent visitors.",Great Walk,0,15,Yes,,"Non-powered/tent sites, Shelter for cooking, Water from tap - not treated, boil before use, Toilets - non-flush, Toilets, Water supply",,No dogs. <a href=""https://www.doc.govt.nz/parks-and-recreation/know-before-you-go/pets-on-conservati,,Foot,Refer to DOC website for current alerts,https://www.doc.govt.nz/thumbs/large/link/8acc34ad821a4120b3ba9796e5c27e41.aspx,https://www.doc.govt.nz/link/d89e85a5fa37484783f259117f24fc91.aspx,Located in Fiordland National Park,1170232,4958048,100064957,3/31/2026 9:09:39 AM,29f20dd6-6b8e-4c4d-9e22-ff0a46883acb,1170231.99997517,4958048.00135536
185531,Deer Flat Campsite,Fiordland National Park,Fiordland,This is a standard campsite in northern Fiordland. Camp beside the Eglinton River in a grassy area surrounded by small pockets of beech forest. Fly fish in the river.,Standard,0,15,Yes,,"Fire pit/place for campfires (except in fire bans), Non-powered/tent sites, Water from stream, Toilets - non-flush, Toilets, Water supply",Fishing,No dogs. <a href=""https://www.doc.govt.nz/parks-and-recreation/know-before-you-go/pets-on-conservati,Rivers and lakes,"Campervan, Car, Caravan",Refer to DOC website for current alerts,https://www.doc.govt.nz/thumbs/large/link/2e1fb9505eda483d954a326b44f93bcc.aspx,https://www.doc.govt.nz/link/fc407f5f116d453eabc90150ae922274.aspx,Located in Fiordland National Park,1206545,5004970,100065487,3/31/2026 9:09:39 AM,9baad0d1-0551-47c0-8d07-d76d96695d9d,1206544.99995722,5004970.00062827
185532,Goldsborough Campsite,Goldsborough (Waimea) - Kumara area,West Coast,This sheltered and secluded campsite is the site of an old gold mining town. Explore the gold mining area and try your luck fossicking in the nearby creek. ,Standard,0,40,Yes,,"Non-powered/tent sites, Toilets - flush, Water from tap - not treated, boil before use, Wheelchair accessible with assistance, Toilets, Water supply",,Dogs on a leash only. <a href=""https://www.doc.govt.nz/parks-and-recreation/know-before-you-go/pets-,,"Campervan, Car, Caravan",Refer to DOC website for current alerts,https://www.doc.govt.nz/thumbs/large/link/96141cc547c745d2b8a9aaf38f37d660.jpg,https://www.doc.govt.nz/link/1ccbb9c749f54d8086b0ebad6e584c14.aspx,Located in Goldsborough (Waimea) - Kumara area,1446237,5273472,100043032,3/31/2026 9:09:39 AM,2004a4f3-c4e3-4872-9c12-88b3284da1fd,1446236.99999946,5273472.00000126
185533,Cannibal Cove Campsite,Queen Charlotte Sound/Tōtaranui area,Marlborough,A remote campsite with hunting and water-based activities near by.,Backcountry,0,3,Yes,,"Non-powered/tent sites, Water from stream, Toilets - non-flush, Toilets, Water supply","Boating, Hunting",No dogs. <a href=""https://www.doc.govt.nz/parks-and-recreation/know-before-you-go/pets-on-conservati,Coastal,Boat,Refer to DOC website for current alerts,https://www.doc.govt.nz/thumbs/large/link/579512ba083846e5a6269b4630b0b23c.jpg,https://www.doc.govt.nz/link/e3998cedb3bc491cb03fefb5ac6d9d4f.aspx,Located in Queen Charlotte Sound/Tōtaranui area,1705169,5452019,100044092,3/31/2026 9:09:39 AM,996293f2-db53-4b51-a27d-93b4f786a5c4,1705169.00000007,5452019.00000094
185534,"Home Bay, Motutapu Island Campsite",Motutapu Island ,Auckland,"This idyllic campsite right by the beach. Explore the island’s walkways, stunning coastline, replanted native bush and ever-increasing wildlife. ",Standard,0,131,Yes,,"Non-powered/tent sites, Water from tap - not treated, boil before use, Toilets - non-flush, Toilets, Water supply","Bird and wildlife watching, Diving and snorkelling, Fishing",No dogs. <a href=""https://www.doc.govt.nz/parks-and-recreation/know-before-you-go/pets-on-conservati,,Boat,Refer to DOC website for current alerts,https://www.doc.govt.nz/thumbs/large/link/5a46e8d8b398433599de9ee3a2619e48.jpg,https://www.doc.govt.nz/link/6621282aad00490d8c779d30c60ec1fc.aspx,Located in Motutapu Island ,1772165,5929222,100065442,3/31/2026 9:09:39 AM,d15bad6f-b528-41e9-95c2-6207ba64bc51,1772165.00000082,5929222.0000008
185535,Moke Lake Campsite,Queenstown area,Otago,"This is a peaceful campsite beside a small lake. Go boating, swimming, fishing or canoeing on the lake. Walk or mountain bike from Moke Lake to Lake Dispute (a 2 hour walk).",Standard,0,50,Yes,,"Non-powered/tent sites, Shelter for cooking, Water from tap - not treated, boil before use, Toilets - non-flush, Toilets, Water supply",,No dogs. <a href=""https://www.doc.govt.nz/parks-and-recreation/know-before-you-go/pets-on-conservati,Rivers and lakes,"Campervan, Car, Caravan, 4WD",Refer to DOC website for current alerts,https://www.doc.govt.nz/thumbs/large/link/a1e1a7f1f7ca4c829f48d83a265f5a78.aspx,https://www.doc.govt.nz/link/11eef5ccf369450f93f0e73347731bef.aspx,Located in Queenstown area,1251102,5007707,100065480,3/31/2026 9:09:39 AM,47459082-1a74-4018-9539-140fa0c44a24,1251101.53896866,5007707.04973915
185536,Brod Bay Campsite,Fiordland National Park,Fiordland,"This is a walk-in, Great Walk campsite beside Lake Te Anau, on the Kepler Track in Fiordland National Park. Bookings required in the Great Walks season.",Great Walk,0,15,Yes,,"Non-powered/tent sites, Shelter for cooking, Water from tap - not treated, boil before use, Toilets - non-flush, Toilets, Water supply",,No dogs. <a href=""https://www.doc.govt.nz/parks-and-recreation/know-before-you-go/pets-on-conservati,"Forest, Rivers and lakes",Foot,Refer to DOC website for current alerts,https://www.doc.govt.nz/thumbs/large/link/572033dca6e940feacb5fc285391de7e.jpg,https://www.doc.govt.nz/link/ef2281c8f2234381893f0bda7da30ef4.aspx,Located in Fiordland National Park,1183256,4958265,100065044,3/31/2026 9:09:39 AM,ab9d74aa-6f95-42eb-b17d-0f6b7afb07db,1183255.9999675,4958265.00105849
185537,Anapai Bay Campsite,Abel Tasman National Park,Nelson/Tasman,Walk-in or boat-in to this beachside campsite on the Waiharakeke to Whariwharangi section of the Abel Tasman Coast Track. There is no drive-in access.,Great Walk,0,6,Yes,,"Non-powered/tent sites, Toilets - flush, Water from tap - not treated, boil before use, Toilets, Water supply",,No dogs. <a href=""https://www.doc.govt.nz/parks-and-recreation/know-before-you-go/pets-on-conservati,Coastal,"Boat, Foot",Refer to DOC website for current alerts,https://www.doc.govt.nz/thumbs/large/link/2ab3a49b571f4208bc856f736400f879.jpg,https://www.doc.govt.nz/link/6b8984ad28c74b25b54780661cf0676a.aspx,Located in Abel Tasman National Park,1600360,5483142,100043757,3/31/2026 9:09:39 AM,55a90c31-4cdd-4229-830b-d42871d3c87e,1600360,5483142.00000091
185538,Diamond Lake Campsite,Glenorchy area,Otago,"Park up near the shores of Diamond Lake, on the edge of Mt Aspiring National Park. Swim, fish or go kayaking. The campsite is suitable for campervans and caravans only.",Standard,0,0,Yes,,"Water from stream, Toilets - non-flush, Toilets, Water supply","Fishing, Kayaking and canoeing",No dogs. <a href=""https://www.doc.govt.nz/parks-and-recreation/know-before-you-go/pets-on-conservati,Rivers and lakes,"Campervan, Car, Caravan",Refer to DOC website for current alerts,https://www.doc.govt.nz/thumbs/large/link/6e6cbbe739054e86b5e6cae9938f19a4.aspx,https://www.doc.govt.nz/link/35d86e8966d74ab48124fc6b29ca26f6.aspx,Located in Glenorchy area,1234280,5036440,100136665,3/31/2026 9:09:39 AM,4a8f17c4-0297-4067-b35b-f8f57eb839a8,1234279.99996169,5036440.00033606
185539,Ratimera Bay Campsite,Queen Charlotte Sound/Tōtaranui area,Marlborough,"A popular site with a long sandy beach for boating, fishing and picnicking.",Standard,0,12,Yes,,"Non-powered/tent sites, Water from tap - not treated, boil before use, Toilets - non-flush, Toilets, Water supply","Boating, Fishing, Picnicking",No dogs. <a href=""https://www.doc.govt.nz/parks-and-recreation/know-before-you-go/pets-on-conservati,Coastal,Boat,Refer to DOC website for current alerts,https://www.doc.govt.nz/thumbs/large/link/16e63b09dc5d4e16bd2ae1c09000f32b.jpg,https://www.doc.govt.nz/link/30c694d3f9e740db94436af1a1e5e4ee.aspx,Located in Queen Charlotte Sound/Tōtaranui area,1693282,5437935,100044101,3/31/2026 9:09:39 AM,d48df5bb-d197-47b3-8b9d-de2678e73f62,1693282.00000004,5437935.00000094
185540,Hotoritori Campsite,Coromandel Forest Park,Coromandel,"Camp river side in the Kauaeranga Valley, 3 km north of visitor centre.",Standard,0,15,Yes,,"Non-powered/tent sites, Water from stream, Toilets - non-flush, Toilets, Water supply",Walking and tramping,Dogs on a leash only. <a href=""https://www.doc.govt.nz/parks-and-recreation/know-before-you-go/pets-,"Forest, Rivers and lakes","Campervan, Car, Caravan",Refer to DOC website for current alerts,https://www.doc.govt.nz/thumbs/large/link/70ed710dfff44eefa2676dae15dd5ea0.aspx,https://www.doc.govt.nz/link/ae843fca04234499bd7a8f968f533921.aspx,Located in Coromandel Forest Park,1834095,5890769,100044159,3/31/2026 9:09:39 AM,5cf90aad-1055-411c-9374-bb661ff56200,1834095.00000441,5890769.00000433
185541,Mutton Cove Campsite,Abel Tasman National Park,Nelson/Tasman,Walk-in or boat-in to this beachside campsite on the Waiharakeke to Whariwharangi section of the Abel Tasman Coast Track. There is no drive on access.,Great Walk,0,20,Yes,,"Fire pit/place for campfires (except in fire bans), Non-powered/tent sites, Toilets - flush, Water from tap - not treated, boil before use, Toilets, Water supply",,No dogs. <a href=""https://www.doc.govt.nz/parks-and-recreation/know-before-you-go/pets-on-conservati,Coastal,"Boat, Foot",Refer to DOC website for current alerts,https://www.doc.govt.nz/thumbs/large/link/d8609d3fad0546fca96b6a650a719fa0.aspx,https://www.doc.govt.nz/link/179f12e72cbe47b5b8f05ae94e6187cc.aspx,Located in Abel Tasman National Park,1599494,5484453,100043765,3/31/2026 9:09:39 AM,86f0308e-570d-4e07-b220-cb5469f82cfe,1599494,5484453.0000009
185542,Otaio Gorge Campsite,Hunters Hills area,Canterbury,Camp at a scenic reserve beside forest; swim in the Otaio River.,Standard,0,15,Yes,,"Fire pit/place for campfires (except in fire bans), Non-powered/tent sites, Toilets - flush, Water from tap - not treated, boil before use, Toilets, Water supply",Swimming,No dogs. <a href=""https://www.doc.govt.nz/parks-and-recreation/know-before-you-go/pets-on-conservati,"Forest, Rivers and lakes","Campervan, Car, Caravan",Refer to DOC website for current alerts,https://www.doc.govt.nz/thumbs/large/link/2cb9a6b15b9d4e1a84b45000e32b7f67.jpg,https://www.doc.govt.nz/link/cc0b2980155f442ba317a9162f12e8fe.aspx,Located in Hunters Hills area,1435397,5067886,100031568,3/31/2026 9:09:39 AM,c0e62a2f-3f44-4ebf-beb8-d18be44a8a74,1435396.99999921,5067886.0000016
185543,Boyle Campsite,Lake Sumner Forest Park,Canterbury,Camp amongst the kānuka forest just off SH7 between Hanmer Springs and Lewis Pass. Boyle Campsite is on the Te Araroa Trail and at the end of the five-day tramp on the St James Walkway.,Standard,0,12,Yes,,"Non-powered/tent sites, Water from tap - not treated, boil before use, Wheelchair accessible with assistance, Toilets - non-flush, Toilets, Water supply",,Dogs on a leash only. <a href=""https://www.doc.govt.nz/parks-and-recreation/know-before-you-go/pets-,Forest,"Campervan, Car, Caravan",Refer to DOC website for current alerts,https://www.doc.govt.nz/thumbs/large/link/778a1d81a6fa43d994bbb625b3da2607.jpg,https://www.doc.govt.nz/link/6dcec8a03cce41b48e73eceec1bf47f0.aspx,Located in Lake Sumner Forest Park,1549601,5292677,100121059,3/31/2026 9:09:40 AM,0b9dd41d-5d56-42af-92cb-bb041621b531,1549601,5292677.00000101
185544,Everetts Campsite,Mōhaka River area,Hawke’s Bay,"This is a basic campsite in the Hawke's Bay area. Vehicle access is closed, but you can still enter on foot or bike.",Basic,0,20,No,,"Non-powered/tent sites, Water from stream, Toilets, Water supply","Fishing, Kayaking and canoeing, Rafting, Swimming",Dogs on a leash only. <a href=""https://www.doc.govt.nz/parks-and-recreation/know-before-you-go/pets-,Rivers and lakes,"Foot, Mountain bike",Refer to DOC website for current alerts,https://www.doc.govt.nz/thumbs/large/link/73a54a36834d480ab493603d17d40056.jpg,https://www.doc.govt.nz/link/5df50edb477d4dd1b4a79a98e18228b1.aspx,Located in Mōhaka River area,1920575,5667370,100065802,3/31/2026 9:09:40 AM,81ec27a6-963f-4208-b542-33ed1834dc0a,1920575.00002631,5667370.00005837
185545,Waihohonu Campsite,Tongariro National Park,Central North Island,This  walk-in campsite is on the Tongariro Northern Circuit and the Round the Mountain Track. Bookings must be made during the Great Walks season.,Great Walk,0,0,Yes,,"Non-powered/tent sites, Water from tap - not treated, boil before use, Toilets - non-flush, Toilets, Water supply",,No dogs. <a href=""https://www.doc.govt.nz/parks-and-recreation/know-before-you-go/pets-on-conservati,Alpine,Foot,Refer to DOC website for current alerts,https://www.doc.govt.nz/thumbs/large/link/77c82a77022b4586bbb7b357693c8949.aspx,https://www.doc.govt.nz/link/6c7eee2391204afbb9a8716c2a930957.aspx,Located in Tongariro National Park,1831328,5656645,100064828,3/31/2026 9:09:40 AM,c8e26999-dfea-48d1-ba25-fa0908b83b72,1831328.00000443,5656645.00000502
185546,Hawdon Shelter Campsite,Arthur's Pass National Park,Canterbury,Camp in the lower reaches of the Hawdon Valley on the grassy flats. ,Standard,0,30,Yes,,"Non-powered/tent sites, Shelter for cooking, Water from tap - not treated, boil before use, Toilets - non-flush, Toilets, Water supply",Walking and tramping,No dogs. <a href=""https://www.doc.govt.nz/parks-and-recreation/know-before-you-go/pets-on-conservati,,"Campervan, Car, Caravan",Refer to DOC website for current alerts,https://www.doc.govt.nz/thumbs/large/link/9ff6e88220494894993231e60b49e343.jpg,https://www.doc.govt.nz/link/f3e789b9421f4b1db30e1b51a6f9651e.aspx,Located in Arthur's Pass National Park,1497922,5239772,100043674,3/31/2026 9:09:40 AM,b0bfa85c-c788-40d1-b81f-75ac4f07e3ba,1497921.99999994,5239772.00000105
185547,Kiriwhakapapa Campsite,Tararua Forest Park,Wairarapa,"This is a lovely family campsite beside a creek, with an old logging and exotic redwood forest trail area nearby.",Standard,0,15,Yes,,"Non-powered/tent sites, Shelter for cooking, Toilets - flush, Water from stream, Toilets, Water supply",Walking and tramping,Dogs on a leash only. <a href=""https://www.doc.govt.nz/parks-and-recreation/know-before-you-go/pets-,"Forest, Rivers and lakes","Campervan, Car, Caravan",Refer to DOC website for current alerts,https://www.doc.govt.nz/thumbs/large/link/52d849ade3524613bf20456a819448d6.jpg,https://www.doc.govt.nz/link/10160bc0d7854c0496fb5c899e7e14bb.aspx,Located in Tararua Forest Park,1814763,5479438,100044517,3/31/2026 9:09:40 AM,34304f16-f503-4f71-ad70-83cb3a597611,1814763.00000308,5479438.0000037
185548,Black Rock Campsite,Queen Charlotte Sound/Tōtaranui area,Marlborough,Walk or mountain bike to this campsite from the Queen Charlotte Track in the Marlborough Sounds. There is no drive in access.,Backcountry,0,6,Yes,,"Non-powered/tent sites, Water from tap - not treated, boil before use, Toilets - non-flush, Toilets, Water supply",,No dogs. <a href=""https://www.doc.govt.nz/parks-and-recreation/know-before-you-go/pets-on-conservati,Coastal,"Foot, Mountain bike",Refer to DOC website for current alerts,https://www.doc.govt.nz/thumbs/large/link/2465b6e10dcf42a0bc9752d4f7219530.aspx,https://www.doc.govt.nz/link/249c17cb99de4df78352abfc0bf90251.aspx,Located in Queen Charlotte Sound/Tōtaranui area,1689288,5438392,100066093,3/31/2026 9:09:40 AM,190e4d7a-25c9-4151-9792-47f54ea8a65a,1689288.00000004,5438392.00000094
185549,Whakapapa Holiday Park,Tongariro National Park,Central North Island,"Camp in a mountain beech forest, beside a stream. It's a perfect base for exploring the national park with short walks close to the campsite. In winter, skiing is just up the road.",Serviced,44,15,Yes,,"BBQ, Cookers/electric stove, Non-powered/tent sites, Powered sites, Shop, Shower - hot, Water from tap - treated, suitable for drinking, Toilets - non-flush, Toilets","Skiing and ski touring, Walking and tramping",No dogs. <a href=""https://www.doc.govt.nz/parks-and-recreation/know-before-you-go/pets-on-conservati,,"Campervan, Car, Caravan",Refer to DOC website for current alerts,https://www.doc.govt.nz/thumbs/large/link/6c35d02ff8f74170b64f7b6908146bd5.jpg,https://www.doc.govt.nz/link/5e51aedd41764389a86994e2bb8ae116.aspx,Located in Tongariro National Park,1819285,5657725,100065591,3/31/2026 9:09:40 AM,359b37de-b3d1-4f14-a813-d575213f885b,1819285.48720332,5657725.15040353
185550,Onetahuti Bay Campsite,Abel Tasman National Park,Nelson/Tasman,Walk-in or boat-in to this beachside campsite on the Mosquito Bay to Awaroa section of the Abel Tasman Coast Track. There is no drive on access.,Great Walk,0,20,Yes,,"Non-powered/tent sites, Shelter for cooking, Toilets - flush, Water from tap - not treated, boil before use, Toilets, Water supply",,No dogs. <a href=""https://www.doc.govt.nz/parks-and-recreation/know-before-you-go/pets-on-conservati,Coastal,"Boat, Foot",Refer to DOC website for current alerts,https://www.doc.govt.nz/thumbs/large/link/b18e44210e9c40e294f89e0d547928e5.aspx,https://www.doc.govt.nz/link/9a75450d21744942b755a470d29ca5fc.aspx,Located in Abel Tasman National Park,1603926,5473563,100065889,3/31/2026 9:09:40 AM,0ca1fea2-6eed-4b0e-85a8-fb9280c48a88,1603926,5473563.00000091
185551,Lake Tennyson Campsite,Molesworth Recreation Reserve,Marlborough,"This isolated campsite beside Lake Tennyson offers trout fishing, kayaking, boating and walking opportunities.",Basic,0,10,No,,"Non-powered/tent sites, Water from stream, Wheelchair accessible with assistance, Toilets - non-flush, Toilets, Water supply",,No dogs. <a href=""https://www.doc.govt.nz/parks-and-recreation/know-before-you-go/pets-on-conservati,Rivers and lakes,"Car, 4WD, Mountain bike",Refer to DOC website for current alerts,https://www.doc.govt.nz/thumbs/large/link/66faf62e5d9340c8b3119077d554893e.jpg,https://www.doc.govt.nz/link/1d1287f7f6d749d7833ca752058ce0a2.aspx,Located in Molesworth Recreation Reserve,1578547,5326704,100042930,3/31/2026 9:09:40 AM,b77e55b0-c658-4aaa-ac14-3590d41b1ca3,1578547,5326704.000001
185552,Upper Eglinton Campsite,Fiordland National Park,Fiordland,"There are walking and tramping tracks near this campsite, including the Earl Mountain Tracks and you can fly fish in the river. There are magnificent valley views.",Standard,0,3,Yes,,"Fire pit/place for campfires (except in fire bans), Non-powered/tent sites, Water from stream, Toilets - non-flush, Toilets, Water supply",Fishing,No dogs. <a href=""https://www.doc.govt.nz/parks-and-recreation/know-before-you-go/pets-on-conservati,Rivers and lakes,"Campervan, Car",Refer to DOC website for current alerts,https://www.doc.govt.nz/thumbs/large/link/c688b137ecbe41abbb15def5e49ab0ed.jpg,https://www.doc.govt.nz/link/fa708d6242b9421399e2e078c957695a.aspx,Located in Fiordland National Park,1207940,5013084,100065490,3/31/2026 9:09:40 AM,928b664d-1a75-462b-a3d2-ebd323b256a5,1207939.99995648,5013084.00060433
185553,Welcome Flat Campsite,Westland Tai Poutini National Park,West Coast,This campsite is located outside the Welcome Flat Hut in the Glaciers area.,Backcountry,0,8,Yes,,"Water from tap - not treated, boil before use, Toilets - non-flush, Toilets, Water supply",Walking and tramping,No dogs. <a href=""https://www.doc.govt.nz/parks-and-recreation/know-before-you-go/pets-on-conservati,"Alpine, Forest",Foot,Refer to DOC website for current alerts,https://www.doc.govt.nz/images/no-photo/no-photo-220x140.jpg,https://www.doc.govt.nz/link/cd000c58d50b4dba944f2fb7a72c887b.aspx,Located in Westland Tai Poutini National Park,1353678,5164561,100042835,3/31/2026 9:09:40 AM,cf24be6e-b138-4100-a356-5e0edf22b7a0,1353677.99999349,5164561.00001301
185554,Kumutoto Bay Campsite,Queen Charlotte Sound/Tōtaranui area,Marlborough,"A sheltered east-facing bay with a short walk, boating, water skiing and fishing opportunities close by.",Backcountry,0,4,Yes,,"Jetty, Non-powered/tent sites, Water from stream, Toilets - non-flush, Toilets, Water supply","Boating, Fishing, Walking and tramping",No dogs. <a href=""https://www.doc.govt.nz/parks-and-recreation/know-before-you-go/pets-on-conservati,Coastal,Boat,Refer to DOC website for current alerts,https://www.doc.govt.nz/thumbs/large/link/26093a8a17f94cabb7b3ea1c307d7c2b.aspx,https://www.doc.govt.nz/link/f92069a2a9be41d1a568d90f8a35d2c9.aspx,Located in Queen Charlotte Sound/Tōtaranui area,1689688,5437892,100066101,3/31/2026 9:09:40 AM,da5d07a1-cf6d-4efc-b6c8-36dd43edeeea,1689688.00000004,5437892.00000094
185555,Whariwharangi Bay Campsite,Abel Tasman National Park,Nelson/Tasman,Walk-in or boat-in to this campsite on the Waiharakeke to Whariwharangi section of the Abel Tasman Coast Track. There is no drive-in access.,Great Walk,0,20,Yes,,"Fire pit/place for campfires (except in fire bans), Non-powered/tent sites, Toilets - flush, Water from tap - not treated, boil before use, Toilets, Water supply",,No dogs. <a href=""https://www.doc.govt.nz/parks-and-recreation/know-before-you-go/pets-on-conservati,Coastal,"Boat, Foot",Refer to DOC website for current alerts,https://www.doc.govt.nz/thumbs/large/link/8a7b4745e7a94dfc842778c8962636c7.jpg,https://www.doc.govt.nz/link/e39ee1f445914004a4666fcff60980e8.aspx,Located in Abel Tasman National Park,1597870,5484718,100065883,3/31/2026 9:09:40 AM,5d9f5dd2-00b7-4b64-ad53-c16945b934c6,1597870,5484718.0000009
185556,Onamalutu Campsite,Mount Richmond Forest Park,Marlborough,This standard campsite is set in remnant podocarp forest.,Standard,4,50,Yes,,"Non-powered/tent sites, Powered sites, Toilets - flush, Water from tap - not treated, boil before use, Toilets, Water supply",Walking and tramping,No dogs. <a href=""https://www.doc.govt.nz/parks-and-recreation/know-before-you-go/pets-on-conservati,Forest,"Campervan, Car, Caravan",Refer to DOC website for current alerts,https://www.doc.govt.nz/thumbs/large/link/0c8d0010d6d04ac084295dff8dacb611.jpg,https://www.doc.govt.nz/link/f177c2cd653c42a395dcabb202736d56.aspx,Located in Mount Richmond Forest Park,1658993,5410100,100066491,3/31/2026 9:09:40 AM,8341a47b-fbc2-467f-a089-3c3c75c2141b,1658993,5410100.00000095
185557,Danseys Pass Campsite,Naseby area,Otago,"This is a basic campsite in Central Otago. Camp beside the pleasant German Creek while exploring Oteake Conservation Park by 4WD, mountain bike or foot.",Basic,0,6,No,,"Non-powered/tent sites, Water from tap - not treated, boil before use, Wheelchair accessible with assistance, Toilets - non-flush, Toilets, Water supply","Four wheel driving, Mountain biking",Dogs on a leash only. <a href=""https://www.doc.govt.nz/parks-and-recreation/know-before-you-go/pets-,Rivers and lakes,"Campervan, Car, Caravan",Refer to DOC website for current alerts,https://www.doc.govt.nz/thumbs/large/link/2e5ea196a0d244b198ed7b0c7fe053a5.jpg,https://www.doc.govt.nz/link/b506efa3005b44a7a7834d09cf95d394.aspx,Located in Naseby area,1386092,5015709,100044578,3/31/2026 9:09:40 AM,0ae22a08-e585-448b-b621-cb874d6fb6de,1386091.9999969,5015709.0000057
185558,Glenfalls Campsite,Mōhaka River area,Hawke’s Bay,You need a certified self-contained vehicle to use this basic campsite in the Hawke's Bay area.,Basic,0,0,No,,"Water from stream, Toilets, Water supply","Fishing, Kayaking and canoeing, Rafting",Dogs on a leash only. <a href=""https://www.doc.govt.nz/parks-and-recreation/know-before-you-go/pets-,Rivers and lakes,Campervan,Refer to DOC website for current alerts,https://www.doc.govt.nz/thumbs/large/link/921b3f2c142141419995cb09810bc77f.jpg,https://www.doc.govt.nz/link/338dfcddc65249c5a790ad1e6ca2de39.aspx,Located in Mōhaka River area,1917500,5661107,100044056,3/31/2026 9:09:40 AM,21a46640-bf71-4fc9-8440-608d9dda53f7,1917500.00002498,5661107.00005441
185559,Waiona Bay Campsite,Pelorus Sound/Te Hoiere and Kenepuru Sound area,Marlborough,"In striking surroundings, this campsite is used mostly by kayakers. Other activities include hunting, boating and walking.",Basic,0,2,No,,"Non-powered/tent sites, Water from stream, Toilets - non-flush, Toilets, Water supply","Boating, Hunting, Kayaking and canoeing, Walking and tramping",No dogs. <a href=""https://www.doc.govt.nz/parks-and-recreation/know-before-you-go/pets-on-conservati,Coastal,Boat,Refer to DOC website for current alerts,https://www.doc.govt.nz/thumbs/large/link/e080727d9d6f412b8b6401cb9ade0f13.aspx,https://www.doc.govt.nz/link/44415e043ee342a1a6798b5129a783d8.aspx,Located in Pelorus Sound/Te Hoiere and Kenepuru Sound area,1673492,5460587,100044060,3/31/2026 9:09:40 AM,075f38c3-6064-4b31-826d-d223db4ec779,1673492.00000001,5460587.00000092
185560,Anaura Bay Campsite,Anaura Bay area,East Coast,Camp next to a beautiful beach and alongside a stream. The site is surrounded by forest and coastal bush. You must provide your own chemical toilet at this site.,Standard,0,81,Yes,,"Dump station, Non-powered/tent sites, Water from tap - not treated, boil before use, Toilets, Water supply","Diving and snorkelling, Fishing, Swimming, Walking and tramping",Dogs on a leash only. <a href=""https://www.doc.govt.nz/parks-and-recreation/know-before-you-go/pets-,Coastal,"Campervan, Car, Caravan, Mountain bike",Refer to DOC website for current alerts,https://www.doc.govt.nz/thumbs/large/link/516353d0ccf9478bacfe9f6582d7f1f6.aspx,https://www.doc.govt.nz/link/dad0064727ed4bdeaceef9c1286665f3.aspx,Located in Anaura Bay area,2064734,5754983,100043677,3/31/2026 9:09:40 AM,ad24f53c-12e6-4cbf-8287-5c263ce3592b,2064734.00018837,5754983.00104113
185561,Army Road Campsite,Kaimanawa Forest Park,Central North Island,"Camp in an area of diverse terrain; activities include hunting, walking/tramping, fishing and rafting.",Basic,0,6,No,,"Fire pit/place for campfires (except in fire bans), Non-powered/tent sites, Water from stream, Toilets - non-flush, Toilets, Water supply","Fishing, Hunting, Rafting, Walking and tramping",Dogs with a DOC permit only. Contact closest <a href=""#contacts"">DOC office</a> to get a permit. <a ,Forest,"Campervan, Car, Caravan",Refer to DOC website for current alerts,https://www.doc.govt.nz/thumbs/large/link/9eaa59cebb7e46fdbd7bb33ac3fa25a2.jpg,https://www.doc.govt.nz/link/7fd195f1f84a48838306b7eb165fe6dc.aspx,Located in Kaimanawa Forest Park,1873335,5682043,100031189,3/31/2026 9:09:40 AM,2bcd6d58-16c1-441a-82cc-76c85c645e0f,1873335.00001096,5682043.00001657
185562,Robin Hood Bay Campsite,Blenheim area,Marlborough,"Camp next to the beach. Fish, surf at a nearby beach, or watch for Hector’s dolphins.",Basic,0,10,No,,"Non-powered/tent sites, Water from stream, Toilets - non-flush, Toilets, Water supply",Fishing,Dogs with a DOC permit only. Contact closest <a href=""#contacts"">DOC office</a> to get a permit. <a ,Coastal,Car,Refer to DOC website for current alerts,https://www.doc.govt.nz/thumbs/large/link/d9662c465bb64a1799056e83d2ba0508.jpg,https://www.doc.govt.nz/link/d3e5f310885648789bd9b8c79418744a.aspx,Located in Blenheim area,1689517,5420832,100066032,3/31/2026 9:09:40 AM,139e0bb7-ad78-44fb-b441-aa1859e77780,1689517.00000003,5420832.00000095
185563,Whatamango Bay Campsite,Queen Charlotte Sound/Tōtaranui area,Marlborough,"Camp beside the beach - fish, explore, enjoy the peace. Ideally placed and recommended for catching late/early Picton ferries (15-min from the terminal).",Standard,0,50,Yes,,"Non-powered/tent sites, Toilets - flush, Water from tap - not treated, boil before use, Toilets, Water supply","Boating, Fishing, Walking and tramping",No dogs. <a href=""https://www.doc.govt.nz/parks-and-recreation/know-before-you-go/pets-on-conservati,Coastal,"Campervan, Car, Caravan",Refer to DOC website for current alerts,https://www.doc.govt.nz/thumbs/large/link/9e247b48546446f1819d128b15772ee7.aspx,https://www.doc.govt.nz/link/10abf2032a2d4a71a0543459b6c844c1.aspx,Located in Queen Charlotte Sound/Tōtaranui area,1689988,5430844,100065341,3/31/2026 9:09:40 AM,cd5fe4cf-0ce0-4796-bac7-aa27570a5075,1689987.74600003,5430843.76840094
185564,Kakapo Campsite,Kaimanawa Forest Park,Central North Island,"Camp in an area near tall forest, scrubland and tussock grasses.",Basic,0,4,No,,"Fire pit/place for campfires (except in fire bans), Non-powered/tent sites, Water from stream, Toilets - non-flush, Toilets, Water supply","Fishing, Hunting, Rafting, Walking and tramping",Dogs with a DOC permit only. Contact closest <a href=""#contacts"">DOC office</a> to get a permit. <a ,Forest,"Campervan, Car, Caravan",Refer to DOC website for current alerts,https://www.doc.govt.nz/thumbs/large/link/d8de92a8dad943c99dc7791f389b4345.jpg,https://www.doc.govt.nz/link/f23ae8dc45544aaebb73e594ab0c43a9.aspx,Located in Kaimanawa Forest Park,1875074,5683537,100066039,3/31/2026 9:09:41 AM,ae16ba86-5e7a-4f85-b60e-46fd082f701c,1875074.00001135,5683537.00001737
185565,Port Jackson Campsite,Northern Coromandel,Coromandel,"At the northern tip of the Peninsula, this campsite is at the water’s edge next to the beach. At the eastern end of the campsite, the Muriwai Coastal Walk leads up the headland towards Wharekaiatua Pa and along the coast, with stunning coastal views. ",Backcountry,0,74,Yes,,"Non-powered/tent sites, Shelter for cooking, Shower - cold, Water from tap - not treated, boil before use, Toilets - non-flush, Toilets, Water supply","Boating, Diving and snorkelling, Fishing, Kayaking and canoeing, Swimming",No dogs. <a href=""https://www.doc.govt.nz/parks-and-recreation/know-before-you-go/pets-on-conservati,Coastal,"Campervan, Car, Caravan",Refer to DOC website for current alerts,https://www.doc.govt.nz/thumbs/large/link/b9f49c27627c416b849a48ee58ffc7a8.aspx,https://www.doc.govt.nz/link/2809ded6633d41b4a2650aa25d0e7e82.aspx,Located in Northern Coromandel,1809781,5959816,100044312,3/31/2026 9:09:41 AM,70a6c509-5314-4f4a-a880-8e6a2b02e8cb,1809781.00000235,5959816.00000195
185566,Te Taita A Makoro Campsite,Te Urewera,East Coast,"This is a basic campsite in the Te Urewera area. Camp by a stream, hunt, walk or relax.",Basic,0,10,No,,"Non-powered/tent sites, Water from tap - not treated, boil before use, Wheelchair accessible with assistance, Toilets - non-flush, Toilets, Water supply","Hunting, Walking and tramping",No dogs. <a href=""https://www.doc.govt.nz/parks-and-recreation/know-before-you-go/pets-on-conservati,Rivers and lakes,"Campervan, Car, Caravan",Refer to DOC website for current alerts,https://www.doc.govt.nz/thumbs/large/link/3874f7a4e86943bab5fdcabfa026f8f5.jpg,https://www.doc.govt.nz/link/e4a8510179ec43c2ada92166fa26ac35.aspx,Located in Te Urewera,1952884,5710637,100065801,3/31/2026 9:09:41 AM,91cd6a69-73ac-43d7-9726-35a52e2c65df,1952884.00004421,5710637.00012008
185567,Cameron Flat Campsite,Makarora area,Otago,"This is a standard campsite in the Wanaka/Makarora area. Camp near the Makarora River. Plenty of great activities are available nearby, such as hunting, tramping or fishing.",Standard,0,30,Yes,,"Non-powered/tent sites, Shelter for cooking, Water from tap - not treated, boil before use, Wheelchair accessible, Toilets - non-flush, Toilets, Water supply","Fishing, Hunting, Walking and tramping",No dogs. <a href=""https://www.doc.govt.nz/parks-and-recreation/know-before-you-go/pets-on-conservati,Rivers and lakes,"Campervan, Car, Caravan",Refer to DOC website for current alerts,https://www.doc.govt.nz/thumbs/large/link/d0d2259da238460e92b9ecd74a7a81b6.jpg,https://www.doc.govt.nz/link/0c9f620a83ed40a599d91557a7235432.aspx,Located in Makarora area,1303139,5103514,100064830,3/31/2026 9:09:41 AM,ae952d47-4c39-4882-83d8-7c3ed623a343,1303138.99998343,5103514.00005875
185568,Lucky Beach Campsite,Rakiura National Park,Southland,This backcountry campsite is located next to Lucky Beach and is a popular restricted hunting area.,Backcountry,0,2,No,,"Toilets - non-flush, Toilets",Hunting,No dogs. <a href=""https://www.doc.govt.nz/parks-and-recreation/know-before-you-go/pets-on-conservati,Coastal,"Boat, Foot",Refer to DOC website for current alerts,https://www.doc.govt.nz/images/no-photo/no-photo-220x140.jpg,https://www.doc.govt.nz/link/99249880348449b888595324ff42b758.aspx,Located in Rakiura National Park,1213387,4814685,100041142,3/31/2026 9:09:41 AM,25c66db2-beec-4ec3-82c2-b21011542d7e,1213386.99038242,4814685.00070261
185569,Momorangi Campsite,Queen Charlotte Sound/Tōtaranui area,Marlborough,"The campground is located on the shores of the Queen Charlotte Sound in Momorangi Bay Scenic Reserve. The sheltered bay offers opportunities for swimming, fishing, and small craft launch.",Serviced,100,36,Yes,,"Boat launching, Cookers/electric stove, Jetty, Non-powered/tent sites, Phone, Powered sites, Shelter for cooking, Shower - hot, Toilets - flush, Water from tap - not treated, boil before use, Wheelchair accessible, Toilets, Water supply","Boating, Fishing, Mountain biking, Swimming, Walking and tramping",No dogs. <a href=""https://www.doc.govt.nz/parks-and-recreation/know-before-you-go/pets-on-conservati,Coastal,"Boat, Campervan, Car, Caravan",Refer to DOC website for current alerts,https://www.doc.govt.nz/thumbs/large/link/072f9f79f85742868f7abb4e6b6cd8ea.aspx,https://www.doc.govt.nz/link/899c3a7e3aae4d519b39de90b95174e6.aspx,Located in Queen Charlotte Sound/Tōtaranui area,1678831,5430659,100066483,3/31/2026 9:09:41 AM,9b3e539f-cec2-47b2-9340-b08dff9de316,1678830.70920002,5430659.44500094
185570,Bark Bay Campsite,Abel Tasman National Park,Nelson/Tasman,Walk-in or boat-in to this beachside campsite on the Torrent Bay Estuary to Bark Bay section of the Abel Tasman Coast Track. There is no drive on access.,Great Walk,0,40,Yes,,"Fire pit/place for campfires (except in fire bans), Non-powered/tent sites, Shelter for cooking, Toilets - flush, Water from tap - not treated, boil before use, Toilets, Water supply",,No dogs. <a href=""https://www.doc.govt.nz/parks-and-recreation/know-before-you-go/pets-on-conservati,Coastal,"Boat, Foot",Refer to DOC website for current alerts,https://www.doc.govt.nz/thumbs/large/link/ef7f405df2424787a1a8ad7170fec25a.aspx,https://www.doc.govt.nz/link/89a8c2240c8f4005a2722b12314ea423.aspx,Located in Abel Tasman National Park,1604269,5470462,100065885,3/31/2026 9:09:41 AM,788c4c27-cb17-4ed1-a883-24d8819008ee,1604269,5470462.00000091
185571,Waikaremoana Holiday Park,Lake Waikaremoana area,East Coast,Nau mai haere mai for a whānau holiday. Rest in tranquillity before and after conquering the Lake Waikaremoana Great Walk.,Serviced,32,26,Yes,,"BBQ, Boat launching, Cookers/electric stove, Dump station, Jetty, Non-powered/tent sites, Phone, Powered sites, Shelter for cooking, Shop, Shower - hot, Toilets - flush, Water from tap - not treated, boil before use, Wheelchair accessible, Toilets, W","Boating, Fishing, Kayaking and canoeing, Swimming, Walking and tramping",No dogs. <a href=""https://www.doc.govt.nz/parks-and-recreation/know-before-you-go/pets-on-conservati,Rivers and lakes,"Campervan, Car, Caravan",Refer to DOC website for current alerts,https://www.doc.govt.nz/thumbs/large/link/ae5fc2c5937a4808872e3757f2d847f3.aspx,https://www.doc.govt.nz/link/7c8e3d5b406e4b169b9e8435a8763ed2.aspx,Located in Lake Waikaremoana area,1961155,5702377,100043676,3/31/2026 9:09:41 AM,08d9f61a-ae12-403a-a702-316a78194b33,1961155.00005015,5702377.00014557
185572,Slab Hut Creek Campsite,Victoria Forest Park,West Coast,"Close to Reefton township and a great base for exploring Victoria Forest Park walks. Try gold fossicking in the creek, or mountain bike the road. ",Standard,0,18,Yes,,"BBQ, Non-powered/tent sites, Toilets - flush, Water from stream, Toilets, Water supply","Mountain biking, Walking and tramping",No dogs. <a href=""https://www.doc.govt.nz/parks-and-recreation/know-before-you-go/pets-on-conservati,Forest,"Campervan, Car, Caravan",Refer to DOC website for current alerts,https://www.doc.govt.nz/thumbs/large/link/bf7c854f2bc6425892601866d0af45a3.aspx,https://www.doc.govt.nz/link/f5c42cca7ec94344bb304be0dbde5746.aspx,Located in Victoria Forest Park,1500236,5332147,100043031,3/31/2026 9:09:41 AM,c830b90b-da55-4096-8dd5-eafe922164e6,1500235.99999994,5332147.000001
185573,Kidds Bush Reserve Campsite,Hāwea Conservation Park,Otago,"Camp alongside Lake Hāwea in a large, grassy area with good shade from mountain beech trees. Walk along the lake shore, go fishing or swimming.",Standard,0,40,Yes,,"Boat launching, Non-powered/tent sites, Shelter for cooking, Water from tap - not treated, boil before use, Wheelchair accessible with assistance, Toilets - non-flush, Toilets, Water supply","Fishing, Swimming, Walking and tramping",No dogs. <a href=""https://www.doc.govt.nz/parks-and-recreation/know-before-you-go/pets-on-conservati,Rivers and lakes,"Boat, Campervan, Car, Caravan",Refer to DOC website for current alerts,https://www.doc.govt.nz/thumbs/large/link/d414d7a3bc324cf1958820e79759a010.jpg,https://www.doc.govt.nz/link/aee39660c6a54e6da2ec5bd95efb3937.aspx,Located in Hāwea Conservation Park,1302484,5072357,100065483,3/31/2026 9:09:41 AM,4dd06d21-adb0-445b-b146-f6b7ca23ed22,1302483.99998346,5072357.0000621
185574,Godley Head Campsite,Awaroa/Godley Head,Canterbury,Camp in the middle of a WWII defence battery site with great ocean views and a range of scenic walks.,Standard,0,25,Yes,,"Non-powered/tent sites, Toilets - flush, Water from tap - not treated, boil before use, Wheelchair accessible with assistance, Toilets, Water supply","Bird and wildlife watching, Mountain biking, Walking and tramping",Dogs on a leash only. <a href=""https://www.doc.govt.nz/parks-and-recreation/know-before-you-go/pets-,Coastal,"Campervan, Car, Caravan",Refer to DOC website for current alerts,https://www.doc.govt.nz/thumbs/large/link/183ed70ce2d448dba2d6a62b6596b7da.aspx,https://www.doc.govt.nz/link/1e1a4a4b65544e2daa2a9ad61ede13af.aspx,Located in Awaroa/Godley Head,1584005,5173820,100121018,3/31/2026 9:09:41 AM,4a42a101-eed7-4b01-ac6b-dec137560ac1,1584005.1944,5173819.69680106
185575,Mid Caples Campsite,Greenstone and Caples Conservation Areas,Otago,This backcountry campsite is located outside Mid Caples Hut.,Backcountry,0,6,Yes,,"Toilets - flush, Water from tap - not treated, boil before use, Toilets, Water supply",Walking and tramping,No dogs. <a href=""https://www.doc.govt.nz/parks-and-recreation/know-before-you-go/pets-on-conservati,Alpine,Foot,Refer to DOC website for current alerts,https://www.doc.govt.nz/thumbs/large/link/bfdbac9a0cef41ef90dc81bea4f4e86b.aspx,https://www.doc.govt.nz/link/bac418d1fe884a12befbf0227953fec9.aspx,Located in Greenstone and Caples Conservation Areas,1226751,5018182,100132228,3/31/2026 9:09:41 AM,6efc5591-6987-41b4-aa76-76eb8ad4318b,1226750.99996046,5018182.0004049
185576,Maharanui Campsite,Whanganui National Park,Manawatu/Whanganui,This is a boat-in only campsite on the Whanganui Journey. There is no drive on access.,Great Walk,0,12,Yes,,"Non-powered/tent sites, Shelter for cooking, Water from tap - not treated, boil before use, Toilets - non-flush, Toilets, Water supply",,No dogs. <a href=""https://www.doc.govt.nz/parks-and-recreation/know-before-you-go/pets-on-conservati,Rivers and lakes,Boat,Refer to DOC website for current alerts,https://www.doc.govt.nz/thumbs/large/link/6d2588788d504cd2ae26d7c5990784cd.jpg,https://www.doc.govt.nz/link/8c7fd5ecfb10448a8da9598ec360855a.aspx,Located in Whanganui National Park,1776875,5673069,100044317,3/31/2026 9:09:41 AM,7dc15b45-f0c9-4291-b700-47e4b4793466,1776875.00000104,5673069.00000123
185577,Mangapapa Campsite,Whanganui National Park,Manawatu/Whanganui,This is a boat-in only campsite on the Whanganui Journey. There is no drive on access.,Great Walk,0,17,Yes,,"Non-powered/tent sites, Shelter for cooking, Water from tap - not treated, boil before use, Toilets - non-flush, Toilets, Water supply",,No dogs. <a href=""https://www.doc.govt.nz/parks-and-recreation/know-before-you-go/pets-on-conservati,Rivers and lakes,Boat,Refer to DOC website for current alerts,https://www.doc.govt.nz/thumbs/large/link/7b8ea66a8e0542c98ee1f814591e0c90.jpg,https://www.doc.govt.nz/link/6428b51413ae4d68a194f66ed7c1c439.aspx,Located in Whanganui National Park,1772810,5666968,100031357,3/31/2026 9:09:41 AM,41c140c2-01db-4352-ac8d-520e4c05c5d4,1772810.00000092,5666968.00000116
185578,Blumine Island/ōruawairua Campsite,Blumine Island Scenic Reserve,Marlborough,"North-facing seafront site on a picturesque, pest free island. Walk the track to the historic WWII gun emplacements, experience the all day 'dawn chorus' and enjoy the stunning views. ",Backcountry,0,6,Yes,,"Non-powered/tent sites, Water from tap - not treated, boil before use, Toilets - non-flush, Toilets, Water supply","Bird and wildlife watching, Walking and tramping",No dogs. <a href=""https://www.doc.govt.nz/parks-and-recreation/know-before-you-go/pets-on-conservati,Coastal,Boat,Refer to DOC website for current alerts,https://www.doc.govt.nz/thumbs/large/link/d37ff979fcac44e8ae024c4e7e1de11a.jpg,https://www.doc.govt.nz/link/2b335a660716473f927086f4da3736f9.aspx,Located in Blumine Island Scenic Reserve,1703485,5441690,100066094,3/31/2026 9:09:41 AM,d666c0e2-8825-4e71-89b5-7dc3894816be,1703485.00000007,5441690.00000094
185579,Fletcher Bay Campsite,Northern Coromandel,Coromandel,"This is a beach front campsite in a farm setting.  An ideal location for water sports, including swimming, boating, diving and fishing. ",Backcountry,0,45,Yes,,"Non-powered/tent sites, Shower - cold, Water from tap - not treated, boil before use, Wheelchair accessible with assistance, Toilets - non-flush, Toilets, Water supply","Diving and snorkelling, Fishing, Mountain biking, Walking and tramping",No dogs. <a href=""https://www.doc.govt.nz/parks-and-recreation/know-before-you-go/pets-on-conservati,Coastal,"Campervan, Car, Caravan",Refer to DOC website for current alerts,https://www.doc.govt.nz/thumbs/large/link/54f1b230b7554e5cb85c5b660c85a02c.aspx,https://www.doc.govt.nz/link/77f46252bed44dbc94e8ab353f1dc43e.aspx,Located in Northern Coromandel,1814136,5960540,100065595,3/31/2026 9:09:41 AM,abc4bea0-c4f4-4df2-986e-7cc866b8e2e5,1814136.00000264,5960540.00000222
185580,Motuihe Island Campsite,Motuihe Island / Te Motu-a-Ihenga,Auckland,"Camp on the headland near a sandy, sheltered beach and explore the island by foot. Good boat anchorage. Home to kiwi, kākāriki, saddleback and shore skink.",Standard,0,64,Yes,,"Non-powered/tent sites, Water from tap - not treated, boil before use, Toilets - non-flush, Toilets, Water supply",,No dogs. <a href=""https://www.doc.govt.nz/parks-and-recreation/know-before-you-go/pets-on-conservati,Coastal,Boat,Refer to DOC website for current alerts,https://www.doc.govt.nz/thumbs/large/link/1e6c6c9b52a94cfe84bbd6c3f04b9b79.aspx,https://www.doc.govt.nz/link/35f0698cb5264225b9d335571293d8d2.aspx,Located in Motuihe Island / Te Motu-a-Ihenga,1772695,5925165,100065443,3/31/2026 9:09:41 AM,dda50823-5558-4859-a2b6-f118c2e3c1ed,1772695.00000084,5925165.00000082
185581,Waiopaoa Campsite,Te Urewera,East Coast,This is a campsite on the Lake Waikaremoana Track next to Waiopaoa Hut.,Great Walk,0,13,Yes,,"Water from tap - not treated, boil before use, Toilets - non-flush, Toilets, Water supply",Walking and tramping,,"Forest, Rivers and lakes",Foot,Refer to DOC website for current alerts,https://www.doc.govt.nz/thumbs/large/link/a7db7ab644dc40aa901fa7bcca47e256.aspx,https://www.doc.govt.nz/link/e7e03a9acc504a09a909aa643e3557af.aspx,Located in Te Urewera,1946808,5696866,100042955,3/31/2026 9:09:41 AM,1a1220ba-3ba6-4691-9e23-5048f0fb249e,1946808.29434027,5696866.44490594
185582,Anchorage Campsite,Abel Tasman National Park,Nelson/Tasman,Walk-in or boat-in to this beachside campsite on the Tinline to Anchorage section of the Abel Tasman Coast Track. There is no drive on access.,Great Walk,0,50,Yes,,"Fire pit/place for campfires (except in fire bans), Non-powered/tent sites, Shelter for cooking, Toilets - flush, Water from tap - not treated, boil before use, Toilets, Water supply",,No dogs. <a href=""https://www.doc.govt.nz/parks-and-recreation/know-before-you-go/pets-on-conservati,Coastal,"Boat, Foot",Refer to DOC website for current alerts,https://www.doc.govt.nz/thumbs/large/link/47309fe035f54013bc427ff60803f619.jpg,https://www.doc.govt.nz/link/2d0a262fa4584d1bb3dcb3cf3dd13229.aspx,Located in Abel Tasman National Park,1604982,5466005,100043768,3/31/2026 9:09:41 AM,9bc42d69-1386-471c-893b-2c23cac6954b,1604981.7435,5466004.71160092
185583,Graces Stream Campsite,Catchpool Valley & Ōrongorongo Valley,Wellington/Kapiti,This campsite is permanently closed.,Backcountry,0,0,No,,Toilets,,Not Applicable,,,Refer to DOC website for current alerts,https://www.doc.govt.nz/images/no-photo/no-photo-220x140.jpg,https://www.doc.govt.nz/link/6187d270dbc043e7a519bf63127bfa74.aspx,Located in Catchpool Valley & Ōrongorongo Valley,1761696,5421415,100085686,3/31/2026 9:09:41 AM,1c2c449b-ec7a-404a-aa21-352d943872bd,1761695.99040069,5421415.00000125
185584,Temple Campsite,Ruataniwha Conservation Park,Canterbury,"North of Lake Ōhau, within a beautiful beech forest in a large, flat area. Tramp the North and South Temple Stream tracks.",Basic,0,30,No,,"Fire pit/place for campfires (except in fire bans), Non-powered/tent sites, Shelter for cooking, Water from stream, Toilets - non-flush, Toilets, Water supply",Walking and tramping,Dogs on a leash only. <a href=""https://www.doc.govt.nz/parks-and-recreation/know-before-you-go/pets-,Forest,Car,Refer to DOC website for current alerts,https://www.doc.govt.nz/thumbs/large/link/d7f97c00b53f42cc947be5e5664e2ea2.aspx,https://www.doc.govt.nz/link/f525af6798c24628870223b030fb55e3.aspx,Located in Ruataniwha Conservation Park,1345322,5111251,100040090,3/31/2026 9:09:41 AM,2ec37d65-703d-4c27-a054-ad94d84b8c91,1345321.99999231,5111251.00001774
185585,Waikahoa Bay Campsite,Mimiwhangata Coastal Park,Northland,Camp beside a sandy beach among pōhutukawa trees. A great spot for water activities.,Standard,0,35,Yes,,"Non-powered/tent sites, Shower - cold, Water from tap - not treated, boil before use, Toilets - non-flush, Toilets, Water supply","Bird and wildlife watching, Diving and snorkelling, Kayaking and canoeing, Swimming, Walking and tramping",No dogs. <a href=""https://www.doc.govt.nz/parks-and-recreation/know-before-you-go/pets-on-conservati,Coastal,Foot,Refer to DOC website for current alerts,https://www.doc.govt.nz/thumbs/large/link/5ca45f7cc52f40f0bea81df174f7f487.jpg,https://www.doc.govt.nz/link/a83378d7a1f8469a8e480fdb42a88099.aspx,Located in Mimiwhangata Coastal Park,1728210,6077006,100065352,3/31/2026 9:09:41 AM,3c34d297-b46f-4d14-8ad1-a1947a550226,1728210.00280016,6077005.60620035
185586,Harataonga Campsite,Great Barrier Island/Aotea,Auckland,"A sheltered campground close to Harataonga Beach for snorkeling and swimming, and the Harataonga coastal walkway.",Standard,0,60,Yes,,"Non-powered/tent sites, Shelter for cooking, Shower - cold, Water from tap - not treated, boil before use, Toilets - non-flush, Toilets, Water supply","Diving and snorkelling, Fishing, Swimming",No dogs. <a href=""https://www.doc.govt.nz/parks-and-recreation/know-before-you-go/pets-on-conservati,Coastal,"Campervan, Car, Caravan",Refer to DOC website for current alerts,https://www.doc.govt.nz/thumbs/large/link/089d36e2c3004809ae62c9c031776c34.aspx,https://www.doc.govt.nz/link/99e0b0d75251413b98f9769315309864.aspx,Located in Great Barrier Island/Aotea,1823001,5994150,100044956,3/31/2026 9:09:41 AM,f13a0aba-836c-4c9f-b8c3-ed578a7c4da9,1823001.00000324,5994150.00000279
185587,Lake Mackenzie Campsite,Fiordland National Park,Fiordland,"This is a walk-in, Great Walk campsite on the Routeburn Track, Fiordland National Park. Bookings required in the Great Walks season.",Great Walk,0,9,Yes,,"Non-powered/tent sites, Shelter for cooking, Water from tap - not treated, boil before use, Toilets - non-flush, Toilets, Water supply",,No dogs. <a href=""https://www.doc.govt.nz/parks-and-recreation/know-before-you-go/pets-on-conservati,Rivers and lakes,Foot,Refer to DOC website for current alerts,https://www.doc.govt.nz/thumbs/large/link/b9a222a1ca124eb093c9524ca8e4879c.aspx,https://www.doc.govt.nz/link/566d563d09094f05802ef3714a758157.aspx,Located in Fiordland National Park,1218263,5031911,100030221,3/31/2026 9:09:41 AM,2814f5fb-385d-46ba-abad-1c63fb580651,1218262.99995696,5031911.00047643
185588,Kawatiri Campsite,Kawatiri area,Nelson/Tasman,"Camp at the historic Kawatiri Railway Station site. Explore the old rail bridge, tunnel and station. A great place to walk, fish or picnic.",Standard,0,10,No,,"Non-powered/tent sites, Water from stream, Wheelchair accessible, Toilets - non-flush, Toilets, Water supply","Fishing, Picnicking, Walking and tramping",Dogs allowed. Keep dog under control at all times. <a href=""https://www.doc.govt.nz/parks-and-recrea,Forest,"Campervan, Car, Caravan",Refer to DOC website for current alerts,https://www.doc.govt.nz/thumbs/large/link/2da272d1ed4146939f764f4ad7800513.jpg,https://www.doc.govt.nz/link/697e518ddc974b8d8f2e3ea2222ab85e.aspx,Located in Kawatiri area,1568176,5384128,100065344,3/31/2026 9:09:41 AM,02ed3686-49e7-4a23-95ae-f934496d9e98,1568176,5384128.00000097
185589,Lake Ianthe Matahi Campsite,Harihari area,West Coast,"Camp beside one of Westland’s forest-lined freshwater lakes. Popular for boating, trout fishing and swimming.",Standard,0,12,Yes,,"Boat launching, Jetty, Non-powered/tent sites, Shelter for cooking, Water from tap - not treated, boil before use, Wheelchair accessible with assistance, Toilets - non-flush, Toilets, Water supply","Boating, Fishing, Swimming",No dogs. <a href=""https://www.doc.govt.nz/parks-and-recreation/know-before-you-go/pets-on-conservati,Rivers and lakes,"Campervan, Car, Caravan",Refer to DOC website for current alerts,https://www.doc.govt.nz/thumbs/large/link/54e40d2d32a9408791d3bac4f5c2af4b.aspx,https://www.doc.govt.nz/link/b5393f34f75b4c208554d9d4fe96b1a4.aspx,Located in Harihari area,1407332,5229783,100044562,3/31/2026 9:09:41 AM,04e59b44-ec05-426e-b843-5c7a6b32ec05,1407331.99999821,5229783.00000257
185590,Mangatainoka Campsite,Kaweka Forest Park,Hawke’s Bay,A popular campsite beside the Mohaka River and the Mangatainoka Hot Pools.,Backcountry,0,10,No,,"Water from stream, Toilets - non-flush, Toilets, Water supply",,Dogs with a DOC permit for recreational hunting or management purposes only. <a href=""https://www.do,"Forest, Rivers and lakes",Foot,Refer to DOC website for current alerts,https://www.doc.govt.nz/images/no-photo/no-photo-220x140.jpg,https://www.doc.govt.nz/link/9fb1fdb967354e20b55ce85b202de0ef.aspx,Located in Kaweka Forest Park,1893280,5659790,100030172,3/31/2026 9:09:41 AM,0365e9a0-982b-4edb-bc7d-86c660072a0e,1893280.00001619,5659790.0000292
185591,Puriri Bay (Whangaruru North Head) Camps,Whangaruru North Head Scenic Reserve,Northland,"Overlooking the mouth of Whangaruru Harbour, this campsite has sheltered waters for swimming and boating activities, and a series of interconnected walks.",Standard,0,90,Yes,,"Boat launching, Non-powered/tent sites, Shelter for cooking, Shower - cold, Water from tap - not treated, boil before use, Wheelchair accessible, Toilets - non-flush, Toilets, Water supply","Boating, Fishing, Swimming, Walking and tramping",No dogs. <a href=""https://www.doc.govt.nz/parks-and-recreation/know-before-you-go/pets-on-conservati,Coastal,"Campervan, Car, Caravan",Refer to DOC website for current alerts,https://www.doc.govt.nz/thumbs/large/link/13833476907d47a584c5b5566bb86319.jpg,https://www.doc.govt.nz/link/1b013e3ad31647058dae6b315afe8a68.aspx,Located in Whangaruru North Head Scenic Reserve,1723562,6085659,100065349,3/31/2026 9:09:30 AM,dfa97f00-2711-4bed-a06c-c3bcafcdd3a9,1723562.00000013,6085659.00000034
185592,Mangahuia Campsite,Tongariro National Park,Central North Island,A peaceful campsite beside a stream on the edge of the Tongariro National Park. ,Standard,0,21,Yes,,"Non-powered/tent sites, Shelter for cooking, Water from tap - not treated, boil before use, Toilets - non-flush, Toilets, Water supply",Walking and tramping,No dogs. <a href=""https://www.doc.govt.nz/parks-and-recreation/know-before-you-go/pets-on-conservati,,"Campervan, Car, Caravan",Refer to DOC website for current alerts,https://www.doc.govt.nz/thumbs/large/link/b76a1c7e043f4011bb4edbb573ecd4ed.jpg,https://www.doc.govt.nz/link/2bd99c0658c34f78a0ff0cb38e8928e7.aspx,Located in Tongariro National Park,1813334,5660336,100044154,3/31/2026 9:09:41 AM,ebe4d057-723a-40ac-9c91-e53ae8cea9d0,1813334.00000285,5660336.00000298
185593,Rosie Bay Campsite,Te Urewera,East Coast,Camp at the shore of Lake Waikaremoana in a secluded bay with stunning views. This is a popular campsite and a good base for lake activities.,Basic,0,6,No,,"Fire pit/place for campfires (except in fire bans), Non-powered/tent sites, Water from stream, Toilets - non-flush, Toilets, Water supply",,No dogs. <a href=""https://www.doc.govt.nz/parks-and-recreation/know-before-you-go/pets-on-conservati,Rivers and lakes,"Campervan, Car, Caravan",Refer to DOC website for current alerts,https://www.doc.govt.nz/thumbs/large/link/bad2d448510347a4a84d6ea69564fb42.aspx,https://www.doc.govt.nz/link/3a7d51b38e5d42df874b16e9d84f90e0.aspx,Located in Te Urewera,1958798,5698859,100065878,3/31/2026 9:09:41 AM,0fb5dad6-187c-4f6d-b019-f23876e0cea6,1958798.00004841,5698859.00013863
185594,Manganuku Campsite,Ōpōtiki area,East Coast,Camp beside one of the few remaining historic Howe truss bridges.,Standard,0,20,Yes,,"Fire pit/place for campfires (except in fire bans), Non-powered/tent sites, Toilets - flush, Water from stream, Toilets, Water supply","Fishing, Walking and tramping",No dogs. <a href=""https://www.doc.govt.nz/parks-and-recreation/know-before-you-go/pets-on-conservati,Rivers and lakes,"Campervan, Car, Caravan",Refer to DOC website for current alerts,https://www.doc.govt.nz/thumbs/large/link/f5b1d8880385498bbd2e1e1992b9c794.jpg,https://www.doc.govt.nz/link/756ee5f545c14f9aa56062be6a333d72.aspx,Located in Ōpōtiki area,1983591,5752821,100065881,3/31/2026 9:09:41 AM,6da12adc-b650-4564-b637-5bc620510ff2,1983591.00006936,5752821.00022461
185595,Siberia Flat Campsite,Kahurangi National Park,Nelson/Tasman,"This is a standard campsite in the Motueka area. The campsite adjoins the Rolling River, popular for fly fishing, at the start of the Wangapeka Track. ",Standard,0,40,Yes,,"Fire pit/place for campfires (except in fire bans), Non-powered/tent sites, Water from stream, Toilets - non-flush, Toilets, Water supply",Fishing,No dogs. <a href=""https://www.doc.govt.nz/parks-and-recreation/know-before-you-go/pets-on-conservati,Rivers and lakes,Car,Refer to DOC website for current alerts,https://www.doc.govt.nz/thumbs/large/link/70f10719de0d4fe094cef18738938003.jpg,https://www.doc.govt.nz/link/f3e6a7b2cb3d4b7ab1828a2713d0d381.aspx,Located in Kahurangi National Park,1565231,5412084,100043947,3/31/2026 9:09:41 AM,cb522bbb-dbb2-4457-8d08-fa389b956f42,1565231.2772,5412084.48550095
185596,Penguin Bay Campsite,French Pass and D'Urville Island Scenic Reserves,Marlborough,Small campsite with a picturesque stream and stunning views to the mainland. Perfect for sea kayakers and boaties. Catherine Cove Resort nearby.,Basic,0,2,No,,"Non-powered/tent sites, Water from stream, Toilets, Water supply","Boating, Kayaking and canoeing",No dogs. <a href=""https://www.doc.govt.nz/parks-and-recreation/know-before-you-go/pets-on-conservati,Coastal,Boat,Refer to DOC website for current alerts,https://www.doc.govt.nz/thumbs/large/link/d241834431594f7d98ac2fda91fdb177.jpg,https://www.doc.govt.nz/link/0228df868cb143fcb484039253c5adf8.aspx,Located in French Pass and D'Urville Island Scenic Reserves,1676575,5478100,100065807,3/31/2026 9:09:41 AM,81aadab6-755c-4b91-abec-dc4c6b48fdc8,1676575.00000002,5478100.00000091
185597,Sanctuary Campsite,Whirinaki Te Pua-a-Tāne Conservation Park,East Coast,Small camp next to the Minginui Stream. Walk through podocarp forest.,Basic,0,3,No,,"Fire pit/place for campfires (except in fire bans), Non-powered/tent sites, Water from stream, Toilets - non-flush, Toilets, Water supply",,Dogs with a DOC permit only. Contact closest <a href=""#contacts"">DOC office</a> to get a permit. <a ,Forest,"Campervan, Car, Caravan",Refer to DOC website for current alerts,https://www.doc.govt.nz/thumbs/large/link/88fbc97fdd774c8ca0aefb0dd1d4ae8d.jpg,https://www.doc.govt.nz/link/d6acd5969e474e5791693e06329c40fe.aspx,Located in Whirinaki Te Pua-a-Tāne Conservation Park,1924364,5713965,100044538,3/31/2026 9:09:41 AM,a8603420-ca38-4b37-82c0-6b98304f9948,1924364.0000279,5713965.00006127
185598,Aussie Bay Campsite,Queen Charlotte Sound/Tōtaranui area,Marlborough,"A tranquil setting beside the sea, with a range of activities nearby including walking and mountain biking on the Queen Charlotte Track.",Standard,0,6,Yes,,"Non-powered/tent sites, Water from tap - not treated, boil before use, Toilets - non-flush, Toilets, Water supply","Mountain biking, Walking and tramping",Dogs with a DOC permit only. Contact closest <a href=""#contacts"">DOC office</a> to get a permit. <a ,Coastal,"Campervan, Car",Refer to DOC website for current alerts,https://www.doc.govt.nz/thumbs/large/link/d49655e1a48c43dd996f340e46844463.jpg,https://www.doc.govt.nz/link/40623c4d1b384b5ab97165183d91a74f.aspx,Located in Queen Charlotte Sound/Tōtaranui area,1677814,5430506,100044090,3/31/2026 9:09:42 AM,7d625be8-a7f1-4f5e-90c4-b6953c5abc7f,1677814.25290002,5430506.22570094
185599,Totara Flat Campsite: Coromandel,Coromandel Forest Park,Coromandel,Camp alongside the river or higher up. Walk on a boardwalk through forest.,Standard,0,30,Yes,,"Non-powered/tent sites, Water from stream, Toilets - non-flush, Toilets, Water supply",,No dogs. <a href=""https://www.doc.govt.nz/parks-and-recreation/know-before-you-go/pets-on-conservati,"Forest, Rivers and lakes","Campervan, Car, Caravan",Refer to DOC website for current alerts,https://www.doc.govt.nz/thumbs/large/link/f1b5c0249c7b4a6ead84922394fbdb9d.jpg,https://www.doc.govt.nz/link/c50f8adefe464b7da2c7cb80663dfe74.aspx,Located in Coromandel Forest Park,1836676,5893933,100000746,3/31/2026 9:09:42 AM,f25344c6-1b2e-4c4d-8b9b-1590e4cfcb85,1836676.00000468,5893933.00000467
185600,Avalanche Creek Shelter Campsite,Arthur's Pass National Park,Canterbury,"This standard camping site is just off the main road in the Arthur’s Pass village, almost directly opposite the visitor centre.",Standard,0,25,Yes,,"Non-powered/tent sites, Shelter for cooking, Toilets - flush, Wheelchair accessible with assistance, Water from tap - treated, suitable for drinking, Toilets",,No dogs. <a href=""https://www.doc.govt.nz/parks-and-recreation/know-before-you-go/pets-on-conservati,,"Campervan, Car, Caravan",Refer to DOC website for current alerts,https://www.doc.govt.nz/thumbs/large/link/d4b9a00bd87f45e7be71a04a875e9b7d.aspx,https://www.doc.govt.nz/link/a47f519a49e2453da4a2b64be79bb847.aspx,Located in Arthur's Pass National Park,1482726,5244772,100064685,3/31/2026 9:09:42 AM,49132391-53ad-4884-aec2-27e4b5e40fd0,1482725.99999987,5244772.00000106
185601,Taputaputa Campsite,Cape Reinga/Te Rerenga Wairua,Northland,Camp near a lagoon suitable for swimming and kayaking. Visit Cape Reinga/Te Rerenga Wairua only 5 minutes drive away or 3 hours via the walking track.,Standard,0,45,Yes,,"Non-powered/tent sites, Shower - cold, Water from tap - not treated, boil before use, Wheelchair accessible with assistance, Toilets - non-flush, Toilets, Water supply","Bird and wildlife watching, Diving and snorkelling, Fishing, Swimming, Walking and tramping",No dogs. <a href=""https://www.doc.govt.nz/parks-and-recreation/know-before-you-go/pets-on-conservati,Coastal,"Campervan, Car, Foot",Refer to DOC website for current alerts,https://www.doc.govt.nz/thumbs/large/link/12c0461883844b16bf89ba4385138fda.jpg,https://www.doc.govt.nz/link/4170df19f7ec4904bd7333f8da2f8fa1.aspx,Located in Cape Reinga/Te Rerenga Wairua,1573950,6189275,100065348,3/31/2026 9:09:42 AM,abcb4151-e920-4f3c-a797-06bd43edcd43,1573950,6189275.0000002
185602,Purakaunui Bay Campsite,Catlins coastal area,Otago,Camp on the coast at this standard campsite. ,Standard,0,40,Yes,,"Fire pit/place for campfires (except in fire bans), Non-powered/tent sites, Water from tap - not treated, boil before use, Wheelchair accessible with assistance, Toilets - non-flush, Toilets, Water supply",,Dogs on a leash only. <a href=""https://www.doc.govt.nz/parks-and-recreation/know-before-you-go/pets-,Coastal,"Campervan, Car, Caravan",Refer to DOC website for current alerts,https://www.doc.govt.nz/thumbs/large/link/cfc4d68b65444b41821160668f4349cf.jpg,https://www.doc.govt.nz/link/ad25ee1b004e4298bf6e858eeaa34121.aspx,Located in Catlins coastal area,1340242,4839816,100031416,3/31/2026 9:09:42 AM,d9a1777a-9026-43b4-af7d-114d40285cf2,1340241.9999922,4839816.00002883
185603,Putanui Point Campsite,Pelorus Sound/Te Hoiere and Kenepuru Sound area,Marlborough,"Popular with sea kayakers, with a small, rocky beach",Backcountry,0,4,Yes,,"Non-powered/tent sites, Water from tap - not treated, boil before use, Toilets - non-flush, Toilets, Water supply",Kayaking and canoeing,No dogs. <a href=""https://www.doc.govt.nz/parks-and-recreation/know-before-you-go/pets-on-conservati,Coastal,Boat,Refer to DOC website for current alerts,https://www.doc.govt.nz/thumbs/large/link/a9cfdecc59e24a5ba4216b45e7ee37c7.jpg,https://www.doc.govt.nz/link/33a7fb6063fc4b4ba18c0a7162896f7f.aspx,Located in Pelorus Sound/Te Hoiere and Kenepuru Sound area,1672792,5436293,100044100,3/31/2026 9:09:42 AM,bd016b3e-a0f0-4b87-8420-e3c8747d1bf0,1672792.00000001,5436293.00000094
185604,Deer Valley Campsite,Lewis Pass Scenic Reserve,Canterbury,Camp in beech forest next to the Lewis River.,Standard,0,10,No,,"Non-powered/tent sites, Water from stream, Wheelchair accessible with assistance, Toilets - non-flush, Toilets, Water supply",,No dogs. <a href=""https://www.doc.govt.nz/parks-and-recreation/know-before-you-go/pets-on-conservati,Forest,"Campervan, Car, Caravan",Refer to DOC website for current alerts,https://www.doc.govt.nz/thumbs/large/link/a73b630b406e4074a335a83fdf53ec45.jpg,https://www.doc.govt.nz/link/ad0f09bc9ba84faf94ced688cd9aac62.aspx,Located in Lewis Pass Scenic Reserve,1550437,5305098,100044539,3/31/2026 9:09:42 AM,e4950159-b1ec-4227-8898-b854a3d58b36,1550437,5305098.00000101
185605,Wainora Campsite,Coromandel Forest Park,Coromandel,"This scenic campsite is at the start of the Cookson Kauri Walk, with attractive water views on the walk.",Standard,0,30,Yes,,"Non-powered/tent sites, Water from stream, Toilets - non-flush, Toilets, Water supply",Walking and tramping,No dogs. <a href=""https://www.doc.govt.nz/parks-and-recreation/know-before-you-go/pets-on-conservati,"Forest, Rivers and lakes","Campervan, Car, Caravan",Refer to DOC website for current alerts,https://www.doc.govt.nz/thumbs/large/link/5111868fe9b24a18995ab32abfcbaec5.aspx,https://www.doc.govt.nz/link/4684b51da241426d8f160fed4e60328c.aspx,Located in Coromandel Forest Park,1836197,5893822,100044314,3/31/2026 9:09:42 AM,3bed6f06-dc10-4bc9-b044-cb986acaa1ee,1836197.00000463,5893822.0000046
185606,Pioneer Park Campsite,Pioneer Park Conservation Area,Canterbury,"Short walks are nearby, and you can visit historic Burkes Cottage. Do not camp in flood zone if heavy rain or thunderstorms are forecast.",Standard,0,25,Yes,,"Fire pit/place for campfires (except in fire bans), Non-powered/tent sites, Water from tap - not treated, boil before use, Wheelchair accessible with assistance, Toilets - non-flush, Toilets, Water supply",Walking and tramping,Dogs allowed. Keep dog under control at all times. <a href=""https://www.doc.govt.nz/parks-and-recrea,,"Campervan, Car, Caravan",Refer to DOC website for current alerts,https://www.doc.govt.nz/thumbs/large/link/c0fa180c92bc483c9e851985a30c24fc.aspx,https://www.doc.govt.nz/link/06f2c7562f0a447694303da2fd356f27.aspx,Located in Pioneer Park Conservation Area,1436530,5110157,100043671,3/31/2026 9:09:42 AM,c05b4523-0c9f-46c9-a01b-9d2369dac2bb,1436529.99999924,5110157.00000154
185607,Aspiring Campsite,Matukituki Valley area,Otago,This campsite is located outside Aspiring Hut.,Backcountry,0,0,No,,"Water from tap - not treated, boil before use, Toilets - non-flush, Toilets, Water supply",Walking and tramping,No dogs. <a href=""https://www.doc.govt.nz/parks-and-recreation/know-before-you-go/pets-on-conservati,Alpine,Foot,Refer to DOC website for current alerts,https://www.doc.govt.nz/images/no-photo/no-photo-220x140.jpg,https://www.doc.govt.nz/link/3503c5f28be04e28a224e5d9f16610f8.aspx,Located in Matukituki Valley area,1254805,5066108,100042530,3/31/2026 9:09:42 AM,97586b6a-60b4-48c5-8770-47c27bc91d9a,1254804.99996794,5066108.00020401
185608,West Ruggedy Beach Campsite,Rakiura National Park,Southland,This backcountry campsite is located near West Ruggedy Beach and is a popular restricted hunting area.,Backcountry,0,2,No,,"Toilets - non-flush, Toilets",Hunting,No dogs. <a href=""https://www.doc.govt.nz/parks-and-recreation/know-before-you-go/pets-on-conservati,Coastal,"Boat, Foot",Refer to DOC website for current alerts,https://www.doc.govt.nz/images/no-photo/no-photo-220x140.jpg,https://www.doc.govt.nz/link/55ad35c598f04fbd804ed294c1915572.aspx,Located in Rakiura National Park,1196672,4809534,100041144,3/31/2026 9:09:42 AM,747479f7-4315-4e86-b078-ee8ec0445ccc,1196671.99039297,4809534.00099367
185609,Ferndale Campsite,Pelorus Sound/Te Hoiere and Kenepuru Sound area,Marlborough,"Camp beside a sandy beach, rare in the Sounds), that is sheltered from the norwesterly wind. Enjoy short walks, picnicking and water-based activities.",Backcountry,0,4,Yes,,"Non-powered/tent sites, Water from tap - not treated, boil before use, Toilets - non-flush, Toilets, Water supply","Boating, Kayaking and canoeing, Picnicking, Walking and tramping",Dogs with a DOC permit only. Contact closest <a href=""#contacts"">DOC office</a> to get a permit. <a ,Coastal,Boat,Refer to DOC website for current alerts,https://www.doc.govt.nz/thumbs/large/link/84a953cd987c425a8f750fbe13149fe0.jpg,https://www.doc.govt.nz/link/41f8e443048549c5b8b121470b928e63.aspx,Located in Pelorus Sound/Te Hoiere and Kenepuru Sound area,1681497,5439689,100066099,3/31/2026 9:09:42 AM,934d4a00-3a01-49f1-a90d-940ea65ee848,1681497.00000002,5439689.00000093
185610,Mckellar Campsite,Greenstone and Caples Conservation Areas,Otago,This backcountry campsite is located outside McKellar Hut.,Backcountry,0,6,Yes,,"Toilets - flush, Water from tap - not treated, boil before use, Toilets, Water supply",,No dogs. <a href=""https://www.doc.govt.nz/parks-and-recreation/know-before-you-go/pets-on-conservati,Alpine,Foot,Refer to DOC website for current alerts,https://www.doc.govt.nz/images/no-photo/no-photo-220x140.jpg,https://www.doc.govt.nz/link/b2c364e184a3481d8800593f5c1e1eb3.aspx,Located in Greenstone and Caples Conservation Areas,1216530,5019820,100132227,3/31/2026 9:09:42 AM,65502151-1e71-4f49-98b4-0be32e3e916b,1216529.99995757,5019820.00050168
185611,Gillespies Beach Campsite,Gillespies Beach,West Coast,"Camp near an old gold mining settlement and a seal colony. Tracks lead to historic suction and bucket dredges, and Galway Beach.",Standard,0,8,Yes,,"Non-powered/tent sites, Shelter for cooking, Water from tap - not treated, boil before use, Toilets - non-flush, Toilets, Water supply",Walking and tramping,Dogs on a leash only. <a href=""https://www.doc.govt.nz/parks-and-recreation/know-before-you-go/pets-,Coastal,Car,Refer to DOC website for current alerts,https://www.doc.govt.nz/thumbs/large/link/1b78d7d695b345b6aece508289bc2142.jpg,https://www.doc.govt.nz/link/bb8bc172d4084803ba9f006110b6cb1e.aspx,Located in Gillespies Beach,1343216,5188984,100066041,3/31/2026 9:09:42 AM,61807667-d773-4633-bac2-b122cdc77513,1343215.9999919,5188984.00001727
185612,Nydia Campsite,Pelorus Sound/Te Hoiere and Kenepuru Sound area,Marlborough,"Located in a sheltered, scenic bay with opportunities for walking, biking and boating. ",Backcountry,0,8,Yes,,"Non-powered/tent sites, Water from tap - not treated, boil before use, Toilets - non-flush, Toilets, Water supply","Boating, Mountain biking, Walking and tramping",Dogs with a DOC permit only. Contact closest <a href=""#contacts"">DOC office</a> to get a permit. <a ,Coastal,"Boat, Foot, Mountain bike",Refer to DOC website for current alerts,https://www.doc.govt.nz/thumbs/large/link/36f693daec1e4f60a3cc7599d3132e10.jpg,https://www.doc.govt.nz/link/0de7c22ae59a4e499b1c7b8b8e51e641.aspx,Located in Pelorus Sound/Te Hoiere and Kenepuru Sound area,1665651,5444286,100066484,3/31/2026 9:09:42 AM,cd945cc1-9c2c-4fd0-bdb6-db7c82b1ada1,1665651.00000001,5444286.00000093
185613,Canaan Downs Campsite,Canaan Downs Scenic Reserve,Nelson/Tasman,Camp in Canaan Downs near mountain bike and tramping tracks.,Standard,0,10,Yes,,"Non-powered/tent sites, Water from tap - not treated, boil before use, Wheelchair accessible, Toilets - non-flush, Toilets, Water supply","Caving, Mountain biking, Walking and tramping",No dogs. <a href=""https://www.doc.govt.nz/parks-and-recreation/know-before-you-go/pets-on-conservati,,Car,Refer to DOC website for current alerts,https://www.doc.govt.nz/thumbs/large/link/813e214455d54cf1914d97d655f0a27f.jpg,https://www.doc.govt.nz/link/6bb0bf7db1de4fb5b060da768d052425.aspx,Located in Canaan Downs Scenic Reserve,1590897,5467579,100038588,3/31/2026 9:09:42 AM,8136cc8b-ea3c-4eeb-a22d-9a38e8cf2f68,1590897,5467579.00000092
185614,Lake Poaka Campsite,Twizel area,Canterbury,Use this campsite as a base for recreational activities around the Twizel area or as an overnight stay in a picturesque setting. ,Basic,0,30,No,,"Non-powered/tent sites, Water from stream, Toilets - non-flush, Toilets, Water supply","Mountain biking, Swimming, Walking and tramping",No dogs. <a href=""https://www.doc.govt.nz/parks-and-recreation/know-before-you-go/pets-on-conservati,Rivers and lakes,"Campervan, Car",Refer to DOC website for current alerts,https://www.doc.govt.nz/thumbs/large/link/2597ab160aec4b36861d66bcd4d189d7.jpg,https://www.doc.govt.nz/link/067d1c56358944d3ae0283920be2e729.aspx,Located in Twizel area,1368132,5101069,100084505,3/31/2026 9:09:42 AM,6033f4d6-3822-44f7-8cb8-30627f142ba6,1368131.97049526,5101068.87380901
185615,Mimiha Campsite,Te Urewera,East Coast,This is a basic campsite in the Te Urewera area.,Basic,0,0,No,,"Toilets - non-flush, Toilets",,,"Forest, Rivers and lakes","Campervan, Car, Caravan",Refer to DOC website for current alerts,https://www.doc.govt.nz/images/no-photo/no-photo-220x140.jpg,https://www.doc.govt.nz/link/c037d265f8fa46f187a8982214664d79.aspx,Located in Te Urewera,1941081,5714982,100043936,3/31/2026 9:09:42 AM,9ed99275-cc2f-425e-b07b-b1c16c086a68,1941081.00003673,5714982.00009122
185616,Tinline Campsite,Abel Tasman National Park,Nelson/Tasman,Walk-in or boat-in to this inland campsite on the Tinline to Anchorage section of the Abel Tasman Coast Track. There is no drive on access.,Great Walk,0,15,Yes,,"Non-powered/tent sites, Water from tap - not treated, boil before use, Toilets - non-flush, Toilets, Water supply",,No dogs. <a href=""https://www.doc.govt.nz/parks-and-recreation/know-before-you-go/pets-on-conservati,Forest,"Boat, Foot",Refer to DOC website for current alerts,https://www.doc.govt.nz/thumbs/large/link/5cfe04c9369940d29e1587b753bb758d.jpg,https://www.doc.govt.nz/link/d813cbade3224f9d9e1af0b77cd0c3bc.aspx,Located in Abel Tasman National Park,1602084,5462518,100043773,3/31/2026 9:09:42 AM,610eaa8a-cf76-4bfd-a380-f15809823389,1602084,5462518.00000092
185617,West Bay Campsite - Jetty Zone,Nelson Lakes National Park,Nelson/Tasman,Enjoy water activities on the lake at this easily accessible campsite in the picturesque Nelson Lakes National Park. This is one of the two camping zones in West Bay Campsite. It is only open during the summer months.,Standard,0,16,Yes,,"Boat launching, Non-powered/tent sites, Shelter for cooking, Shower - cold, Toilets - flush, Water from tap - not treated, boil before use, Wheelchair accessible with assistance, Toilets, Water supply","Bird and wildlife watching, Boating, Fishing, Kayaking and canoeing, Mountain biking, Swimming, Walking and tramping",No dogs. <a href=""https://www.doc.govt.nz/parks-and-recreation/know-before-you-go/pets-on-conservati,"Forest, Rivers and lakes","Campervan, Car, Caravan",Refer to DOC website for current alerts,https://www.doc.govt.nz/thumbs/large/link/b0100526054b479e8129789d24a1cde0.aspx,https://www.doc.govt.nz/link/4a8205d84af948959bf1232770f6f3e8.aspx,Located in Nelson Lakes National Park,1585660,5372655,100085451,3/31/2026 9:09:42 AM,e71ef9ff-7e88-4ad9-8d7b-93906f06bbac,1585660,5372655.00000097
185618,Otto/macdonalds Campsite,Franz Josef Glacier/Kā Roimata o Hine Hukatere,West Coast,"An easily accessible campsite. You can boat, fish for trout or swim in Lake Mapourika.",Standard,0,20,Yes,,"Boat launching, Non-powered/tent sites, Shelter for cooking, Toilets - flush, Water from tap - not treated, boil before use, Wheelchair accessible with assistance, Toilets, Water supply","Boating, Fishing, Swimming",No dogs. <a href=""https://www.doc.govt.nz/parks-and-recreation/know-before-you-go/pets-on-conservati,Rivers and lakes,"Campervan, Car, Caravan",Refer to DOC website for current alerts,https://www.doc.govt.nz/thumbs/large/link/53352c771f1f4ed28027675f870fa157.jpg,https://www.doc.govt.nz/link/b372a1f0ccb9402585e3f354ee53730e.aspx,Located in Franz Josef Glacier/Kā Roimata o Hine Hukatere,1374926,5202284,100044561,3/31/2026 9:09:42 AM,0529ad1d-e400-4c14-ad31-a86db051fa4e,1374925.99999594,5202284.00000658
185619,Tōtaranui Great Walk Campsite,Abel Tasman National Park,Nelson/Tasman,Walk-in or boat-in to this beachside campsite on the Waiharakeke to Whariwharangi section of the Abel Tasman Coast Track. It is only available for booking for people walking the Coastal Track.,Great Walk,0,20,Yes,,"Fire pit/place for campfires (except in fire bans), Non-powered/tent sites, Water from tap - not treated, boil before use, Toilets - non-flush, Toilets, Water supply",,No dogs. <a href=""https://www.doc.govt.nz/parks-and-recreation/know-before-you-go/pets-on-conservati,Coastal,"Boat, Foot",Refer to DOC website for current alerts,https://www.doc.govt.nz/thumbs/large/link/d6b85b0ba3044e38b827505da64f65c5.jpg,https://www.doc.govt.nz/link/ca1d349524a74430b13cdd9619f2ed8a.aspx,Located in Abel Tasman National Park,1600365,5480904,100088343,3/31/2026 9:09:42 AM,fdf22efb-70bb-46be-b19f-bf9baff44d91,1600365,5480904.00000091
185620,Davies Bay Campsite,Queen Charlotte Sound/Tōtaranui area,Marlborough,"Large waterfront site on a shallow bay great for boating and swimming. Choose a waterfront site or bush clearing to camp in. Walking, cycling or boat access only.",Backcountry,0,25,Yes,,"Non-powered/tent sites, Shelter for cooking, Water from tap - not treated, boil before use, Toilets - non-flush, Toilets, Water supply","Boating, Kayaking and canoeing, Mountain biking, Walking and tramping",No dogs. <a href=""https://www.doc.govt.nz/parks-and-recreation/know-before-you-go/pets-on-conservati,Coastal,"Boat, Foot, Mountain bike",Refer to DOC website for current alerts,https://www.doc.govt.nz/thumbs/large/link/091e859bb7244fc4bf421737911a58a3.aspx,https://www.doc.govt.nz/link/fbe583efe8904b569a3a4fd59a5dd501.aspx,Located in Queen Charlotte Sound/Tōtaranui area,1678819,5432812,100066097,3/31/2026 9:09:42 AM,fd50cc5b-0529-4fae-b794-d962e4a2bf7c,1678819.06780002,5432811.81350094
185621,Uretiti Beach Campsite,Waipū area,Northland,"Camp behind the sand dunes of Uretiti Beach, a sandy surf beach. Early check-in available from 11 am.",Standard,0,300,Yes,,"Non-powered/tent sites, Shelter for cooking, Shower - hot, Wheelchair accessible, Water from tap - treated, suitable for drinking, Toilets - non-flush, Toilets","Fishing, Swimming, Walking and tramping",No dogs. <a href=""https://www.doc.govt.nz/parks-and-recreation/know-before-you-go/pets-on-conservati,Coastal,"Campervan, Car, Caravan",Refer to DOC website for current alerts,https://www.doc.govt.nz/thumbs/large/link/a546fecaa6024f05a5b2a08e89a37a81.jpg,https://www.doc.govt.nz/link/6c1bd6b65cc247259685a1a3407b1ad8.aspx,Located in Waipū area,1731699,6022410,100065350,3/31/2026 9:09:42 AM,dc289c31-10b4-4707-8295-87a27101fc3f,1731699.00000019,6022410.00000042
185622,Oturere Campsite,Tongariro National Park,Central North Island,This walk-in campsite is on the Tongariro Northern Circuit. Bookings must be made during the Great Walks season.,Great Walk,0,0,Yes,,"Non-powered/tent sites, Water from tap - not treated, boil before use, Toilets - non-flush, Toilets, Water supply",,No dogs. <a href=""https://www.doc.govt.nz/parks-and-recreation/know-before-you-go/pets-on-conservati,Alpine,Foot,Refer to DOC website for current alerts,https://www.doc.govt.nz/thumbs/large/link/b4fe5be473d1423aa153e34e6279844b.aspx,https://www.doc.govt.nz/link/25885b59856843ab834848fe37c7d3f2.aspx,Located in Tongariro National Park,1832374,5662157,100044157,3/31/2026 9:09:42 AM,62dc69b9-faa9-4b7c-863c-5eecc50ee514,1832374.00000454,5662157.00000515
185623,Mill Flat Campsite,Mount Richmond Forest Park,Marlborough,"Camp in a grassy clearing surrounded by beech forest. Picnic, walk, swim, tramp, fish and hunt.",Basic,0,20,No,,"Non-powered/tent sites, Water from stream, Toilets - non-flush, Toilets, Water supply",,Dogs with a DOC permit only. Contact closest <a href=""#contacts"">DOC office</a> to get a permit. <a ,Forest,4WD,Refer to DOC website for current alerts,https://www.doc.govt.nz/thumbs/large/link/ab90f02eaf6245c4bdd98eb73c0303eb.jpg,https://www.doc.govt.nz/link/d00af2c79e1645d8ad048f77eabe2158.aspx,Located in Mount Richmond Forest Park,1642638,5405488,100031409,3/31/2026 9:09:42 AM,4101cfbb-55bc-4ecc-bcf7-da72ce88b057,1642638,5405488.00000095
185624,Heaphy Campsite,Kahurangi National Park,Nelson/Tasman,This is a walk-in campsite on the Heaphy Track. ,Great Walk,0,20,Yes,,"Non-powered/tent sites, Toilets - flush, Water from tap - not treated, boil before use, Toilets, Water supply",,No dogs. <a href=""https://www.doc.govt.nz/parks-and-recreation/know-before-you-go/pets-on-conservati,"Coastal, Forest, Rivers and lakes","Foot, Mountain bike",Refer to DOC website for current alerts,https://www.doc.govt.nz/thumbs/large/link/19c091c2bd934878a2b4fa7244feb0ee.jpg,https://www.doc.govt.nz/link/b566462170cb471a93e7d805a70c3376.aspx,Located in Kahurangi National Park,1525152,5462315,100042744,3/31/2026 9:09:42 AM,ca24bb88-75c1-41a5-8ef5-1cfce519d9ba,1525151.99999999,5462315.00000092
185625,Ohauora Campsite,Whanganui National Park,Manawatu/Whanganui,This is a boat-in only campsite on the Whanganui Journey. There is no drive on access.,Great Walk,0,20,Yes,,"Non-powered/tent sites, Shelter for cooking, Water from tap - not treated, boil before use, Toilets - non-flush, Toilets, Water supply",,No dogs. <a href=""https://www.doc.govt.nz/parks-and-recreation/know-before-you-go/pets-on-conservati,Rivers and lakes,Boat,Refer to DOC website for current alerts,https://www.doc.govt.nz/thumbs/large/link/83c87f178d8c49329ce73c5d41bbc0fc.jpg,https://www.doc.govt.nz/link/2cd12870c93a4662b1f10f72d8daf6f3.aspx,Located in Whanganui National Park,1769219,5662398,100044318,3/31/2026 9:09:42 AM,f6f290fc-108a-4085-838f-4b1020f7e582,1769219.00000082,5662398.0000011
185626,Lake Pearson (Moana Rua) Campsite,Craigieburn Forest Park,Canterbury,Camp beside a high-country lake in the Waimakariri Basin; a good base for bird watching.,Standard,0,20,Yes,,"Non-powered/tent sites, Toilets - non-flush, Toilets",,No dogs. <a href=""https://www.doc.govt.nz/parks-and-recreation/know-before-you-go/pets-on-conservati,Rivers and lakes,"Campervan, Car, Caravan",Refer to DOC website for current alerts,https://www.doc.govt.nz/thumbs/large/link/87127e62fa444cebbacae0d19b824441.aspx,https://www.doc.govt.nz/link/abce34f6b09948fd9900611277987b01.aspx,Located in Craigieburn Forest Park,1501021,5228474,100044421,3/31/2026 9:09:42 AM,0a4bd25d-6cc1-442d-afc4-7aeccdd82e07,1501020.99999994,5228474.00000105
185627,Port William Campsite,Rakiura National Park,Southland,This is a basic Great Walk campsite on Stewart Island/Rakiura. It is on a grassy area with Magnetic Beach directly in front of it. It is protected from the prevailing westerly winds by forest.,Great Walk,0,4,Yes,,"Fire pit/place for campfires (except in fire bans), Non-powered/tent sites, Water from tap - not treated, boil before use, Toilets - non-flush, Toilets, Water supply",,No dogs. <a href=""https://www.doc.govt.nz/parks-and-recreation/know-before-you-go/pets-on-conservati,"Coastal, Forest",,Refer to DOC website for current alerts,https://www.doc.govt.nz/thumbs/large/link/a719f522fb954831a9b77b9b48d0c91d.jpg,https://www.doc.govt.nz/link/69943f712b48470da50951fb8983676d.aspx,Located in Rakiura National Park,1225142,4801244,100065045,3/31/2026 9:09:42 AM,73314ae1-dc9b-4430-bf9f-11ae94f18eca,1225141.99998083,4801244.00055876
185628,Peel Forest Campground,Peel Forest Park Scenic Reserve,Canterbury,Peel Forest Campground has campsites and four cabins.,Serviced,34,47,Yes,,"Cookers/electric stove, Non-powered/tent sites, Phone, Powered sites, Shelter for cooking, Shower - hot, Toilets - flush, Water from tap - not treated, boil before use, Wheelchair accessible, Toilets, Water supply","Fishing, Rafting, Walking and tramping",No dogs. <a href=""https://www.doc.govt.nz/parks-and-recreation/know-before-you-go/pets-on-conservati,Forest,"Campervan, Car, Caravan",Refer to DOC website for current alerts,https://www.doc.govt.nz/thumbs/large/link/222f12fce3c4414ba08ead19deba0c54.aspx,https://www.doc.govt.nz/link/f8912a8f305b4d6d9202de2ae3bd9da0.aspx,Located in Peel Forest Park Scenic Reserve,1460733,5138885,100043670,3/31/2026 9:09:43 AM,ea6a81a2-fb82-41b7-a5fb-fbcf590135b9,1460732.99999967,5138885.00000119
185629,Pahautea Hut Campsite,Pirongia Forest Park,Waikato,"There are camping pads next to Pāhautea Hut and a shelter provided with water, sink, bench and table.",Backcountry,0,7,Yes,,"Non-powered/tent sites, Water from tap - not treated, boil before use, Toilets - non-flush, Toilets, Water supply",,No dogs. <a href=""https://www.doc.govt.nz/parks-and-recreation/know-before-you-go/pets-on-conservati,Forest,Foot,Refer to DOC website for current alerts,https://www.doc.govt.nz/images/no-photo/no-photo-220x140.jpg,https://www.doc.govt.nz/link/362328c3e2ca47ea88529cbfe15b9d7e.aspx,Located in Pirongia Forest Park,1783719,5792813,100084995,3/31/2026 9:09:43 AM,ebb52829-66af-40fe-b58d-01220814f7ee,1783719.00000123,5792813.00000123
185630,Marfells Beach Campsite,Marfells Beach area,Marlborough,Camp within your own touch of paradise next to the sea. Enjoy the stunning wildlife and magnificent scenery. ,Standard,0,41,Yes,,"Boat launching, Non-powered/tent sites, Shower - cold, Toilets - flush, Water from tap - not treated, boil before use, Wheelchair accessible, Toilets, Water supply","Fishing, Walking and tramping",No dogs. <a href=""https://www.doc.govt.nz/parks-and-recreation/know-before-you-go/pets-on-conservati,Coastal,"Campervan, Car, Caravan",Refer to DOC website for current alerts,https://www.doc.govt.nz/thumbs/large/link/9fd2cae4e8664c788c48c2766cf96a50.aspx,https://www.doc.govt.nz/link/8a0e3ce89fec4297ac99778478d65a31.aspx,Located in Marfells Beach area,1700179,5380002,100066489,3/31/2026 9:09:41 AM,2a132167-a91a-491b-8c34-da58bc8bc2f9,1700179.00000006,5380002.00000098
185631,Mill Arm Campsite,French Pass and D'Urville Island Scenic Reserves,Marlborough,"Picturesque, remote campsite near the head of Mill Arm with well formed flat campsites and stunning views. Good fishing, hunting and tramping nearby.",Basic,0,4,No,,"Non-powered/tent sites, Water from stream, Toilets - non-flush, Toilets, Water supply",,No dogs. <a href=""https://www.doc.govt.nz/parks-and-recreation/know-before-you-go/pets-on-conservati,Coastal,Boat,Refer to DOC website for current alerts,https://www.doc.govt.nz/thumbs/large/link/2fa7b5213f484cbf88d22a59c43ba83d.jpg,https://www.doc.govt.nz/link/f3bb049ac7584c92945f750ebec7eda4.aspx,Located in French Pass and D'Urville Island Scenic Reserves,1670897,5478603,100065806,3/31/2026 9:09:43 AM,49979a65-6688-4ed8-8a06-f478e82063b4,1670897.00000001,5478603.00000091
185632,Whangapoua Campsite,Great Barrier Island/Aotea,Auckland,"Located on the edge of Whangapoua estuary, this campsite is close to a popular surf break.",Standard,0,75,Yes,,"Non-powered/tent sites, Shelter for cooking, Shower - cold, Water from tap - not treated, boil before use, Toilets - non-flush, Toilets, Water supply",Fishing,No dogs. <a href=""https://www.doc.govt.nz/parks-and-recreation/know-before-you-go/pets-on-conservati,Coastal,"Campervan, Car, Caravan",Refer to DOC website for current alerts,https://www.doc.govt.nz/thumbs/large/link/419fe3ca7cfc4299b178f11b8880fd46.jpg,https://www.doc.govt.nz/link/a121faa454d14ea8a62e20c156ae0c4e.aspx,Located in Great Barrier Island/Aotea,1817893,5997238,100043558,3/31/2026 9:09:43 AM,182785cc-2cd5-484c-b7d0-1ebefd28a558,1817893.00000285,5997238.00000238
185633,Fantail Bay Campsite,Northern Coromandel,Coromandel,Camp in peaceful surroundings beneath pōhutukawa trees. A track with outstanding views leads to the bushline. ,Backcountry,0,16,Yes,,"Non-powered/tent sites, Shower - cold, Water from tap - not treated, boil before use, Toilets - non-flush, Toilets, Water supply","Fishing, Walking and tramping",No dogs. <a href=""https://www.doc.govt.nz/parks-and-recreation/know-before-you-go/pets-on-conservati,Coastal,"Campervan, Car, Caravan",Refer to DOC website for current alerts,https://www.doc.govt.nz/thumbs/large/link/f62b434196294559bbdee495aafae395.aspx,https://www.doc.govt.nz/link/236fdb570e1e441197f98ddf0abc84f7.aspx,Located in Northern Coromandel,1808450,5955320,100065594,3/31/2026 9:09:43 AM,b5e4a75b-516d-42c4-90ad-a16598853a2b,1808450.00000228,5955320.00000189
185634,Raetea North Side Campsite,Raetea Forest and Mangamuka Gorge Scenic Reserve,Northland,"Take a break at the northern foot of Raetea, a lowland coastal forest situated in the Mangamuka Gorge. ",Basic,0,65,No,,"Non-powered/tent sites, Water from stream, Toilets - non-flush, Toilets, Water supply","Bird and wildlife watching, Swimming",No dogs. <a href=""https://www.doc.govt.nz/parks-and-recreation/know-before-you-go/pets-on-conservati,Coastal,"Campervan, Car, Caravan",Refer to DOC website for current alerts,https://www.doc.govt.nz/thumbs/large/link/8241b6615b7f407285f8eb70a107af91.jpg,https://www.doc.govt.nz/link/82b87ca747bf4410983f558fcbd389a5.aspx,Located in Raetea Forest and Mangamuka Gorge Scenic Reserve,1639664,6108124,100039423,3/31/2026 9:09:43 AM,29bfeea4-44a4-4d8d-a955-9bb1d790893b,1639664,6108124.00000029
185635,Kōhaihai Campsite,Kahurangi National Park,West Coast,"Enjoy the beautiful nīkau forest at this campsite on the Kōhaihai River mouth. There are short, day or overnight walks from here, as well as kayaking and swimming opportunities in the river.",Standard,0,50,Yes,,"BBQ, Non-powered/tent sites, Toilets - flush, Water from tap - not treated, boil before use, Wheelchair accessible with assistance, Toilets, Water supply","Kayaking and canoeing, Swimming, Walking and tramping",Dogs on a leash only. <a href=""https://www.doc.govt.nz/parks-and-recreation/know-before-you-go/pets-,"Coastal, Rivers and lakes","Campervan, Car, Caravan",Refer to DOC website for current alerts,https://www.doc.govt.nz/thumbs/large/link/04a4db5409ef45ba9ddde380a9390d12.jpg,https://www.doc.govt.nz/link/feea42603a9c4ffe9572414d2e3f4d99.aspx,Located in Kahurangi National Park,1524647,5448696,100035410,3/31/2026 9:09:43 AM,0a51a0eb-bdd4-44e2-a38c-2ac0b0d99b15,1524646.99999999,5448696.00000093
185636,Johnsons Campsite,Whanganui National Park,Manawatu/Whanganui,This backcountry campsite is located on the Mangapurua Track in the Whanganui National Park.,Backcountry,0,10,No,,"Toilets - non-flush, Toilets","Hunting, Mountain biking, Walking and tramping",No dogs. <a href=""https://www.doc.govt.nz/parks-and-recreation/know-before-you-go/pets-on-conservati,Forest,"Foot, Mountain bike",Refer to DOC website for current alerts,https://www.doc.govt.nz/thumbs/large/link/3f89a3ab890f4fd39238af86d71331aa.aspx,https://www.doc.govt.nz/link/3ab7d98d4d2e4cbfaaa186b4cd2ca437.aspx,Located in Whanganui National Park,1775547,5659269,100042950,3/31/2026 9:09:43 AM,36b4f03b-009a-48b1-9fc9-07554a22a054,1775547.000001,5659269.00000123
185637,Lawrence Campsite,Kaweka Forest Park,Hawke’s Bay,"This is a basic campsite in Hawke's Bay. A pleasant setting to camp or picnic in. There are day and overnight walks from here, as well as fishing and hunting, or canoeing on the Tutaekuri River. ",Basic,0,5,No,,"Non-powered/tent sites, Water from stream, Toilets - non-flush, Toilets, Water supply","Fishing, Hunting, Kayaking and canoeing, Swimming",No dogs. <a href=""https://www.doc.govt.nz/parks-and-recreation/know-before-you-go/pets-on-conservati,Rivers and lakes,4WD,Refer to DOC website for current alerts,https://www.doc.govt.nz/thumbs/large/link/d950e1d1208e4231bc01f56670e7a91b.jpg,https://www.doc.govt.nz/link/24a4773ef5144471b1303a9b14f1e642.aspx,Located in Kaweka Forest Park,1896496,5636374,100064946,3/31/2026 9:09:43 AM,84983dfc-3beb-4265-a0b8-8804dce7e96a,1896496.00001724,5636374.00003253
185638,Awaroa Campsite,Abel Tasman National Park,Nelson/Tasman,Walk-in or boat-in to this campsite on the Mosquito Bay to Awaroa section of the Abel Tasman Coast Track. There is no drive on access.,Great Walk,0,18,Yes,,"Fire pit/place for campfires (except in fire bans), Non-powered/tent sites, Shelter for cooking, Toilets - flush, Water from tap - not treated, boil before use, Toilets, Water supply",,No dogs. <a href=""https://www.doc.govt.nz/parks-and-recreation/know-before-you-go/pets-on-conservati,Coastal,"Boat, Foot",Refer to DOC website for current alerts,https://www.doc.govt.nz/thumbs/large/link/7b29db861bc94cdd96ebb3b05f76670b.aspx,https://www.doc.govt.nz/link/a940d9d198584655acc4ad70d45913a8.aspx,Located in Abel Tasman National Park,1601589,5476253,100043764,3/31/2026 9:09:43 AM,ce90e7d8-4517-4d1f-b03c-fb65aa060582,1601589.4595,5476252.83800091
185639,North Arm Campsite,Rakiura National Park,Southland,This is a basic Great Walk campsite on Stewart Island/Rakiura. It is a short distance from North Arm Hut and is surrounded by forest.,Great Walk,0,4,Yes,,"Fire pit/place for campfires (except in fire bans), Non-powered/tent sites, Water from tap - not treated, boil before use, Toilets - non-flush, Toilets, Water supply",,No dogs. <a href=""https://www.doc.govt.nz/parks-and-recreation/know-before-you-go/pets-on-conservati,Forest,Foot,Refer to DOC website for current alerts,https://www.doc.govt.nz/thumbs/large/link/fff8cdda4a45427698e450326d9f067b.jpg,https://www.doc.govt.nz/link/4c17d6ce34ad4baa902db5201b8016fe.aspx,Located in Rakiura National Park,1220469,4795790,100042716,3/31/2026 9:09:43 AM,e0ed6bb7-f061-40c1-b763-0e61e9f0c35a,1220469.04968276,4795790.24162176
185640,Moetapu Bay Campsite,Pelorus Sound/Te Hoiere and Kenepuru Sound area,Marlborough,"A scenic spot for boating, fishing and swimming.",Standard,0,4,Yes,,"Non-powered/tent sites, Water from tap - not treated, boil before use, Toilets - non-flush, Toilets, Water supply","Boating, Fishing, Swimming",Dogs with a DOC permit only. Contact closest <a href=""#contacts"">DOC office</a> to get a permit. <a ,Coastal,"Boat, Foot",Refer to DOC website for current alerts,https://www.doc.govt.nz/thumbs/large/link/bc7fbda99add4de5bb43cbaab45dada6.jpg,https://www.doc.govt.nz/link/c6a53651b8c246d8ba284a2fd95c0311.aspx,Located in Pelorus Sound/Te Hoiere and Kenepuru Sound area,1671592,5431994,100044097,3/31/2026 9:09:43 AM,4da952be-6747-4b81-b1ed-1145606d24ed,1671592.00000001,5431994.00000094
185641,Tawanui Campsite,Catlins coastal area,Otago,This is a standard campsite in the Coastal Otago area. This isolated campsite is in a clearing beside the river. Day walk the Catlins River Track through silver beech forest.,Standard,0,60,Yes,,"Fire pit/place for campfires (except in fire bans), Non-powered/tent sites, Toilets - flush, Water from tap - not treated, boil before use, Toilets, Water supply",,Dogs on a leash only. <a href=""https://www.doc.govt.nz/parks-and-recreation/know-before-you-go/pets-,"Forest, Rivers and lakes","Campervan, Car, Caravan",Refer to DOC website for current alerts,https://www.doc.govt.nz/thumbs/large/link/af92c04063bf42088f064e6725a2129b.aspx,https://www.doc.govt.nz/link/f7acb7636cde467e85f440fe2cbb6639.aspx,Located in Catlins coastal area,1330717,4849046,100031417,3/31/2026 9:09:43 AM,54956c9f-0f1d-4f76-b602-ca2b6610b808,1330716.99999074,4849046.0000377
185642,Central Clearing Campsite,Pirongia Forest Park,Waikato,This is a backcountry campsite located on Bell Track in Pirongia Forest Park.,Basic,0,4,No,,Toilets,,No dogs. <a href=""https://www.doc.govt.nz/parks-and-recreation/know-before-you-go/pets-on-conservati,Forest,Foot,Refer to DOC website for current alerts,https://www.doc.govt.nz/thumbs/large/link/b2b2fa7bedc04dbe93b20df4f9eacdcf.aspx,https://www.doc.govt.nz/link/2c15bf68c4104b6ea9c068333ee94c92.aspx,Located in Pirongia Forest Park,1778879,5796435,100038658,3/31/2026 9:09:43 AM,f6692d05-7852-41ef-8ab0-f1f0442b15c4,1778879.00000106,5796435.00000111
185643,Holdsworth Campsite,Holdsworth area,Wairarapa,"At the eastern park entrance beneath the Tararua Ranges. Enjoy walks, fishing and swimming nearby. There are also grassed areas for sports.",Standard,0,150,Yes,,"Fire pit/place for campfires (except in fire bans), Non-powered/tent sites, Shelter for cooking, Toilets - flush, Water from tap - not treated, boil before use, Toilets, Water supply","Fishing, Swimming, Walking and tramping",Dogs on a leash only. <a href=""https://www.doc.govt.nz/parks-and-recreation/know-before-you-go/pets-,Forest,"Campervan, Car, Caravan",Refer to DOC website for current alerts,https://www.doc.govt.nz/thumbs/large/link/fddecb0dda9c4d94a152c8c58f0f9402.jpg,https://www.doc.govt.nz/link/52529a1df97d47389c8f9d2721439aec.aspx,Located in Holdsworth area,1808889,5468642,100044322,3/31/2026 9:09:43 AM,6de0fdec-1424-4a49-817b-047aa9df3215,1808889.00000266,5468642.00000317
185644,Ngaporo Campsite,Whanganui National Park,Manawatu/Whanganui,This is a boat-in only campsite on the Whanganui Journey. There is no drive on access.,Great Walk,0,32,Yes,,"Non-powered/tent sites, Shelter for cooking, Water from tap - not treated, boil before use, Toilets - non-flush, Toilets, Water supply",,No dogs. <a href=""https://www.doc.govt.nz/parks-and-recreation/know-before-you-go/pets-on-conservati,Rivers and lakes,Boat,Refer to DOC website for current alerts,https://www.doc.govt.nz/thumbs/large/link/fa4c8738a49a41098be9bd156b75e8cd.jpg,https://www.doc.govt.nz/link/90002a5fb427415a9343553c9a532c84.aspx,Located in Whanganui National Park,1775215,5634079,100031360,3/31/2026 9:09:43 AM,752b9a0a-01bb-4f11-90ed-c88d65a49776,1775215.000001,5634079.00000125
185645,Waimaru Campsite,Pelorus Sound/Te Hoiere and Kenepuru Sound area,Marlborough,This isolated campsite near the water is great for those who want to get away from it all and experience the remoteness of a road end campsite in the outer Pelorus Sound.,Standard,0,30,Yes,,"Non-powered/tent sites, Water from tap - not treated, boil before use, Toilets - non-flush, Toilets, Water supply","Fishing, Kayaking and canoeing, Swimming",No dogs. <a href=""https://www.doc.govt.nz/parks-and-recreation/know-before-you-go/pets-on-conservati,Coastal,"Campervan, Car, Caravan",Refer to DOC website for current alerts,https://www.doc.govt.nz/thumbs/large/link/54ccb787b82349769c54c1a2246eac74.aspx,https://www.doc.govt.nz/link/866eff54a2fc4b0993a933fa3e7d991e.aspx,Located in Pelorus Sound/Te Hoiere and Kenepuru Sound area,1686677,5451776,100066487,3/31/2026 9:09:43 AM,085987b1-0e82-406f-a785-d152bb79a2a7,1686677.00000003,5451776.00000093
185646,Twilight Campsite,Te Paki Recreation Reserve,Northland,"Camp overlooking Twilight beach. Only accessible on foot and with minimal facilities, this is the spot for a true wilderness experience. ",Backcountry,0,12,No,,"Non-powered/tent sites, Shelter for cooking, Water from tap - not treated, boil before use, Toilets - non-flush, Toilets, Water supply","Bird and wildlife watching, Diving and snorkelling, Fishing, Swimming, Walking and tramping",No dogs. <a href=""https://www.doc.govt.nz/parks-and-recreation/know-before-you-go/pets-on-conservati,Coastal,Foot,Refer to DOC website for current alerts,https://www.doc.govt.nz/thumbs/large/link/7aaf2f2a15cc40f2b77f1746921cfb95.aspx,https://www.doc.govt.nz/link/5d631de0e3a5405e944f863a7bdbd36e.aspx,Located in Te Paki Recreation Reserve,1572768,6181625,100082534,3/31/2026 9:09:43 AM,a02c6af4-5767-4d33-82a9-d21e064b4525,1572768,6181625.0000002
185647,Matiu/somes Island Campsite,Matiu/Somes Island,Wellington/Kapiti,Matiu/Somes Island Campsite is closed.,Standard,0,12,Yes,,Toilets,,No dogs. <a href=""https://www.doc.govt.nz/parks-and-recreation/know-before-you-go/pets-on-conservati,,,Refer to DOC website for current alerts,https://www.doc.govt.nz/thumbs/large/link/383b19a3b3c043a59424f202bd85e10d.jpg,https://www.doc.govt.nz/link/fd8e1ab6329144b7982f9083cd83a8b4.aspx,Located in Matiu/Somes Island,1756303,5430941,100037922,3/31/2026 9:09:43 AM,0fbbfd27-45ec-44ad-8dd4-ed8bed3ad53f,1756303.00000057,5430941.00000117
185648,Mid Okahu Road Campsite,Whirinaki Te Pua-a-Tāne Conservation Park,East Coast,Camp on grass terraces adjacent to Okahu Stream.  Good picnicking and walking in the forest.,Basic,0,15,No,,"Fire pit/place for campfires (except in fire bans), Non-powered/tent sites, Water from stream, Toilets - non-flush, Toilets, Water supply","Picnicking, Walking and tramping",Dogs with a DOC permit only. Contact closest <a href=""#contacts"">DOC office</a> to get a permit. <a ,"Forest, Rivers and lakes","Campervan, Car, Caravan",Refer to DOC website for current alerts,https://www.doc.govt.nz/thumbs/large/link/48714631583d4ac2a0a15f66a6a54645.jpg,https://www.doc.govt.nz/link/260b463de43542edb770a3ed04e2a0d9.aspx,Located in Whirinaki Te Pua-a-Tāne Conservation Park,1934369,5719581,100043933,3/31/2026 9:09:43 AM,f37facc6-05fd-4f4b-9f77-ba8530897b73,1934369.00003293,5719581.00007756
185649,Walker Creek Campsite,Fiordland National Park,Fiordland,This is a small campsite beside the Eglinton River.,Standard,0,5,Yes,,"Fire pit/place for campfires (except in fire bans), Non-powered/tent sites, Water from stream, Toilets - non-flush, Toilets, Water supply",,No dogs. <a href=""https://www.doc.govt.nz/parks-and-recreation/know-before-you-go/pets-on-conservati,Rivers and lakes,"Campervan, Car",Refer to DOC website for current alerts,https://www.doc.govt.nz/thumbs/large/link/089738e0cd9c4b50b9f5249095b97be8.aspx,https://www.doc.govt.nz/link/03ef3fdd743c4311b4e23a596b45e176.aspx,Located in Fiordland National Park,1203952,4993449,100065491,3/31/2026 9:09:44 AM,50f2f88c-0170-4ea2-af9e-53dfb925c62d,1203951.99995839,4993449.00067212
185650,Matatā Campsite,Matatā area,Bay of Plenty,This is a family campsite in a coastal setting with excellent fishing and swimming next to the Matatā wildlife refuge. No dogs are allowed.,Standard,0,80,Yes,,"Non-powered/tent sites, Shower - hot, Water from tap - treated, suitable for drinking, Toilets - non-flush, Toilets","Bird and wildlife watching, Fishing, Swimming",No dogs. <a href=""https://www.doc.govt.nz/parks-and-recreation/know-before-you-go/pets-on-conservati,Coastal,"Campervan, Car, Caravan",Refer to DOC website for current alerts,https://www.doc.govt.nz/thumbs/large/link/25323c325b6145648e2d64be99b26069.aspx,https://www.doc.govt.nz/link/983b3b551a6b4ba6927d554fe97ff78f.aspx,Located in Matatā area,1930738,5800119,100085474,3/31/2026 9:09:44 AM,2f980517-b865-40fe-869a-c0a2a3e2f148,1930738.00003065,5800119.00006601
185651,Skippers Campsite,Skippers area,Otago,"This is a standard campsite in the Queenstown/Wakatipu area. Camp within scenic rocky natural features on terraces around an old cemetery and school. Bike, walk, tramp or hunt to explore the area.",Standard,0,24,Yes,,"Non-powered/tent sites, Toilets - flush, Water from tap - not treated, boil before use, Toilets, Water supply",,Dogs on a leash only. <a href=""https://www.doc.govt.nz/parks-and-recreation/know-before-you-go/pets-,Forest,"4WD, Mountain bike",Refer to DOC website for current alerts,https://www.doc.govt.nz/thumbs/large/link/7a4d688de8f04bbfb822cc4b55cae7ad.aspx,https://www.doc.govt.nz/link/d46400a0a9734dc0af667551a63d14e6.aspx,Located in Skippers area,1258681,5025408,100065481,3/31/2026 9:09:44 AM,aa2f0e3d-91bb-49b2-b9db-03e3d7b40200,1258680.63867056,5025407.8404962
185652,Rarawa Beach Campsite,Wharekāpu/Paxton Point Conservation Area,Northland,Camp along a river bank nestled amongst trees a stone's throw away from Rarawa’s beautiful white sandy beach.,Standard,0,45,Yes,,"Non-powered/tent sites, Shower - cold, Toilets - flush, Water from tap - not treated, boil before use, Toilets - non-flush, Toilets, Water supply","Bird and wildlife watching, Fishing, Kayaking and canoeing, Picnicking, Swimming, Walking and tramping",No dogs. <a href=""https://www.doc.govt.nz/parks-and-recreation/know-before-you-go/pets-on-conservati,Coastal,"Campervan, Car, Caravan, Foot",Refer to DOC website for current alerts,https://www.doc.govt.nz/thumbs/large/link/23b83d70e9514ea890813cd241596ba0.aspx,https://www.doc.govt.nz/link/495c0846fe6045f094a5be5f4b43021b.aspx,Located in Wharekāpu/Paxton Point Conservation Area,1607538,6157437,100065346,3/31/2026 9:09:44 AM,e2063f6c-15bf-4a05-bd53-e684c6a96eed,1607538,6157437.00000023
185653,Broken Hills Campsite,Broken Hills area,Coromandel,The Broken Hills Campsite is located beside the Tairua River among native bush. This is a standard campsite in the Coromandel region.,Standard,0,45,Yes,,"Non-powered/tent sites, Water from tap - not treated, boil before use, Toilets - non-flush, Toilets, Water supply","Fishing, Kayaking and canoeing, Swimming",No dogs. <a href=""https://www.doc.govt.nz/parks-and-recreation/know-before-you-go/pets-on-conservati,"Forest, Rivers and lakes","Campervan, Car, Caravan",Refer to DOC website for current alerts,https://www.doc.govt.nz/thumbs/large/link/7ae09ece5bcd44159f470be062799286.jpg,https://www.doc.govt.nz/link/78424e3609784ff685a9ae12f2331cf9.aspx,Located in Broken Hills area,1843345,5889917,100065592,3/31/2026 9:09:44 AM,70071feb-8211-48df-814e-3d677484267a,1843345.00000546,5889917.00000572
185654,Mistletoe Bay Campsite,Queen Charlotte Sound/Tōtaranui area,Marlborough,This campsite is managed by Mistletoe Bay Eco Village.,Standard,0,0,Yes,,"BBQ, Non-powered/tent sites, Water from tap - treated, suitable for drinking, Toilets",,No dogs. <a href=""https://www.doc.govt.nz/parks-and-recreation/know-before-you-go/pets-on-conservati,Coastal,Boat,Refer to DOC website for current alerts,https://www.doc.govt.nz/images/no-photo/no-photo-220x140.jpg,https://www.doc.govt.nz/link/13662124c4c44b8eba8cae4686d3dbf7.aspx,Located in Queen Charlotte Sound/Tōtaranui area,1681534,5436076,100066335,3/31/2026 9:09:44 AM,518ca117-33a6-4748-bb40-9668acb3e0cf,1681534.00000002,5436076.00000094
185655,Mavora Lakes Campsite,Mavora Lakes Conservation Park,Southland,"Mavora Lakes Campsite has two main (standard) camping areas: one alongside South Mavora Lake, and the other between South Mavora Lake and North Mavora Lake. ",Standard,0,60,Yes,,"BBQ, Boat launching, Fire pit/place for campfires (except in fire bans), Non-powered/tent sites, Water from tap - not treated, boil before use, Toilets - non-flush, Toilets, Water supply","Boating, Fishing, Mountain biking",Dogs on a leash only. <a href=""https://www.doc.govt.nz/parks-and-recreation/know-before-you-go/pets-,Rivers and lakes,"Campervan, Car, Caravan, Mountain bike",Refer to DOC website for current alerts,https://www.doc.govt.nz/thumbs/large/link/e18537aa01f6454bb338f9a599e24138.jpg,https://www.doc.govt.nz/link/07540cfcf9404be8bb256d49ef81d0d9.aspx,Located in Mavora Lakes Conservation Park,1221497,4975941,100044152,3/31/2026 9:09:44 AM,8655fd2b-6a1c-4d5c-b5ba-c89ece416c7f,1221496.99996258,4975941.00047812
185656,Shelter Rock Campsite,Mount Aspiring National Park,Otago,This backcountry campsite is located outside Shelter Rock Hut.,Backcountry,0,10,No,,"Toilets - flush, Water from tap - not treated, boil before use, Toilets, Water supply",,No dogs. <a href=""https://www.doc.govt.nz/parks-and-recreation/know-before-you-go/pets-on-conservati,Alpine,Foot,Refer to DOC website for current alerts,https://www.doc.govt.nz/thumbs/large/link/f69f2514f0bd440fbc4ff46a7e4f8ce3.aspx,https://www.doc.govt.nz/link/7739d541ff19438a8f56e2e56e750129.aspx,Located in Mount Aspiring National Park,1243308,5056266,100038503,3/31/2026 9:09:44 AM,bea81426-3ad4-4c6f-a0b9-d37a4020f27f,1243307.99996396,5056266.00026836
185657,Booms Flat Campsite,Coromandel Forest Park,Coromandel,"A popular and spacious campsite in the Kauaeranga Valley, 6 km north of the visitor centre.",Standard,0,65,Yes,,"Non-powered/tent sites, Water from stream, Toilets - non-flush, Toilets, Water supply",Walking and tramping,Dogs on a leash only. <a href=""https://www.doc.govt.nz/parks-and-recreation/know-before-you-go/pets-,"Forest, Rivers and lakes","Campervan, Car, Caravan",Refer to DOC website for current alerts,https://www.doc.govt.nz/thumbs/large/link/16466b0b25df4b99a5478ebd6b15d8b0.aspx,https://www.doc.govt.nz/link/e982859143e24eaca96a80d7ca09b0e5.aspx,Located in Coromandel Forest Park,1835607,5893149,100044158,3/31/2026 9:09:44 AM,d1975768-47fc-4acd-9e5d-c9d254ee462d,1835607.00000456,5893149.00000452
185658,Waiohine Gorge Campsite,Tararua Forest Park,Wairarapa,"This secluded campsite is at the head of two spectacular gorges above the Waiohine River. A popular area for rafting, canoeing, swimming, and outdoor education.",Standard,0,50,Yes,,"Non-powered/tent sites, Toilets - flush, Water from tap - not treated, boil before use, Toilets, Water supply","Kayaking and canoeing, Rafting, Swimming, Walking and tramping",Dogs on a leash only. <a href=""https://www.doc.govt.nz/parks-and-recreation/know-before-you-go/pets-,Rivers and lakes,"Campervan, Car, Caravan",Refer to DOC website for current alerts,https://www.doc.govt.nz/thumbs/large/link/f88473568afa49cc949af34acacc9fd3.aspx,https://www.doc.govt.nz/link/ff3ee04c8c6f40e3b19746065650b84d.aspx,Located in Tararua Forest Park,1801046,5458932,100031363,3/31/2026 9:09:44 AM,6b54f578-8675-45c6-ab6c-4755ffb1f40b,1801046.00000217,5458932.0000026
185659,Harvey Bay Campsite,Pelorus Sound/Te Hoiere and Kenepuru Sound area,Marlborough,"A large, flat, sheltered camping area that makes a great base for exploring Tennyson Inlet and the nearby area by boat, on foot,or by mountain bike.",Standard,0,25,Yes,,"Non-powered/tent sites, Water from tap - not treated, boil before use, Toilets - non-flush, Toilets, Water supply","Boating, Mountain biking, Picnicking, Walking and tramping",No dogs. <a href=""https://www.doc.govt.nz/parks-and-recreation/know-before-you-go/pets-on-conservati,Coastal,"Campervan, Car, Caravan",Refer to DOC website for current alerts,https://www.doc.govt.nz/thumbs/large/link/e7e05d63bb6f4908ba37b61b4f32b4ab.jpg,https://www.doc.govt.nz/link/0c101a92067848d1a2de410cd1c0e50b.aspx,Located in Pelorus Sound/Te Hoiere and Kenepuru Sound area,1662291,5447573,100044095,3/31/2026 9:09:44 AM,d124fe7e-d024-4a94-a3c3-abb18f442fe0,1662291.0634,5447573.37780093
185660,Ngaruru Bay Campsite,Queen Charlotte Sound/Tōtaranui area,Marlborough,An isolated campsite with water-based activities for those who want to get away from it all.,Backcountry,0,4,Yes,,"Non-powered/tent sites, Water from tap - not treated, boil before use, Toilets - non-flush, Toilets, Water supply",,No dogs. <a href=""https://www.doc.govt.nz/parks-and-recreation/know-before-you-go/pets-on-conservati,Coastal,Boat,Refer to DOC website for current alerts,https://www.doc.govt.nz/thumbs/large/link/3f69be59dddf4457948181fd98f2f0dd.jpg,https://www.doc.govt.nz/link/c175674de2424fbab66d7b99ba29ae2b.aspx,Located in Queen Charlotte Sound/Tōtaranui area,1701785,5435291,100044098,3/31/2026 9:09:44 AM,8de62ebf-13e5-47b1-9c9a-ce7b951aa8a9,1701785.00000006,5435291.00000094
185661,Klondyke Corner Campsite,Arthur's Pass National Park,Canterbury,"This large, open campsite is near the junction of the Bealey and Waimakariri Rivers. it is popular in the summer.",Standard,0,40,Yes,,"Non-powered/tent sites, Shelter for cooking, Water from tap - not treated, boil before use, Wheelchair accessible with assistance, Toilets - non-flush, Toilets, Water supply",,No dogs. <a href=""https://www.doc.govt.nz/parks-and-recreation/know-before-you-go/pets-on-conservati,Rivers and lakes,"Campervan, Car, Caravan",Refer to DOC website for current alerts,https://www.doc.govt.nz/thumbs/large/link/528f3f8ecf7e48c3907d032c998be696.aspx,https://www.doc.govt.nz/link/85fde6766e364d50916d8bd9a296c4c7.aspx,Located in Arthur's Pass National Park,1485015,5237994,100065052,3/31/2026 9:09:44 AM,f2df23fc-4d0f-4d89-b0d1-676abdbd2c4c,1485014.99999988,5237994.00000106
185662,Mangapurua Campsite,Whanganui National Park,Manawatu/Whanganui,This is a boat-in only campsite on the Whanganui Journey. There is no drive on access.,Great Walk,0,10,Yes,,"Non-powered/tent sites, Shelter for cooking, Water from tap - not treated, boil before use, Toilets - non-flush, Toilets, Water supply",,No dogs. <a href=""https://www.doc.govt.nz/parks-and-recreation/know-before-you-go/pets-on-conservati,Rivers and lakes,Boat,Refer to DOC website for current alerts,https://www.doc.govt.nz/thumbs/large/link/8ea8404991a14c5790ec1408b1eff174.jpg,https://www.doc.govt.nz/link/02535ee3e5cf478ea06216ae3d97d2c9.aspx,Located in Whanganui National Park,1769629,5650103,100031358,3/31/2026 9:09:44 AM,4b30efda-a03a-4301-8423-433e50f9b9ef,1769629.00000084,5650103.00000112
185663,Jacobs Bay Campsite,Pelorus Sound/Te Hoiere and Kenepuru Sound area,Marlborough,"Enjoy short walks and water-based activities at this campsite, which is sheltered from the prevailing northwest winds.",Backcountry,0,8,Yes,,"Non-powered/tent sites, Water from tap - not treated, boil before use, Toilets - non-flush, Toilets, Water supply","Boating, Picnicking, Walking and tramping",No dogs. <a href=""https://www.doc.govt.nz/parks-and-recreation/know-before-you-go/pets-on-conservati,Coastal,Boat,Refer to DOC website for current alerts,https://www.doc.govt.nz/thumbs/large/link/80b0a8dc3c264a668a6ccc01954077b7.JPG,https://www.doc.govt.nz/link/39e8ea23823443f7aa0da3080c7a2dee.aspx,Located in Pelorus Sound/Te Hoiere and Kenepuru Sound area,1674292,5448690,100044096,3/31/2026 9:09:44 AM,4189a813-e761-4e61-9f1e-10db50dc79fc,1674292.00000002,5448690.00000093
185664,Katipo Creek Shelter Campsite,Kahurangi National Park,Nelson/Tasman,This is a walk-in campsite on the Heaphy Track. ,Great Walk,0,5,Yes,,"Non-powered/tent sites, Water from tap - not treated, boil before use, Toilets - non-flush, Toilets, Water supply",,No dogs. <a href=""https://www.doc.govt.nz/parks-and-recreation/know-before-you-go/pets-on-conservati,Coastal,"Foot, Mountain bike",Refer to DOC website for current alerts,https://www.doc.govt.nz/thumbs/large/link/626bc4329906404ca1db2d51d1288176.jpg,https://www.doc.govt.nz/link/e4a2b0c612a34611afd12cb32a2f9a4a.aspx,Located in Kahurangi National Park,1524934,5455943,100039958,3/31/2026 9:09:44 AM,ca54b04f-8c0a-43a7-8d28-cfb84d669484,1524933.99999999,5455943.00000093
185665,Medlands Beach Campsite,Great Barrier Island/Aotea,Auckland,This campsite is set back from Medlands Beach amongst mature trees. The estuary is safe for swimming and the beach is popular for surfing.,Standard,0,60,Yes,,"Boat launching, Non-powered/tent sites, Shelter for cooking, Shower - cold, Water from tap - not treated, boil before use, Wheelchair accessible with assistance, Toilets - non-flush, Toilets, Water supply","Fishing, Swimming",No dogs. <a href=""https://www.doc.govt.nz/parks-and-recreation/know-before-you-go/pets-on-conservati,Coastal,"Campervan, Car, Caravan",Refer to DOC website for current alerts,https://www.doc.govt.nz/thumbs/large/link/49f6325ba6a644fd9cedc3d18863dc7b.jpg,https://www.doc.govt.nz/link/e64b60bb581149edbe5d1a56683f5707.aspx,Located in Great Barrier Island/Aotea,1824828,5983154,100044957,3/31/2026 9:09:44 AM,ce57fe56-b952-462d-ae05-951089c561e5,1824828.00000341,5983154.00000298
185666,Lake Tarawera Outlet Campsite,Lake Tarawera Scenic Reserve,Bay of Plenty,Camp alongside the lake in a large and attractive campsite where trout fishing and water sports are popular. There is no road access to the campsite.,Standard,0,50,Yes,,"Boat launching, Jetty, Non-powered/tent sites, Shelter for cooking, Wheelchair accessible with assistance, Toilets - non-flush, Toilets","Boating, Fishing, Kayaking and canoeing, Swimming, Walking and tramping",No dogs. <a href=""https://www.doc.govt.nz/parks-and-recreation/know-before-you-go/pets-on-conservati,Rivers and lakes,"Boat, Foot",Refer to DOC website for current alerts,https://www.doc.govt.nz/thumbs/large/link/4b99285659f94984ae43532e31c8fdb9.jpg,https://www.doc.govt.nz/link/aea8e1a0ef874998967e486e29807f3b.aspx,Located in Lake Tarawera Scenic Reserve,1906838,5767854,100044420,3/31/2026 9:09:44 AM,09c10631-5f59-4b87-b5f5-412adf1d2c50,1906838.00002037,5767854.00003758
185667,Mangapurua Trig Campsite,Whanganui National Park,Manawatu/Whanganui,This backcountry campsite is located on the Mangapurua Track.,Backcountry,0,0,No,,"Toilets - non-flush, Toilets","Hunting, Mountain biking, Walking and tramping",,Forest,"Foot, Mountain bike",Refer to DOC website for current alerts,https://www.doc.govt.nz/images/no-photo/no-photo-220x140.jpg,https://www.doc.govt.nz/link/7cdde090bc3844e0b1016d28fcfbcdce.aspx,Located in Whanganui National Park,1779664,5657718,100042951,3/31/2026 9:09:44 AM,af58433a-3059-41bb-a03d-a1026c58ce8c,1779664.00000113,5657718.00000132
185668,Akersten Bay Campsite,Abel Tasman National Park,Nelson/Tasman,Walk-in or boat-in to this beachside campsite on the Tinline to Anchorage section of the Abel Tasman Coast Track. There is no drive on access.,Great Walk,0,3,Yes,,"Non-powered/tent sites, Water from tap - not treated, boil before use, Toilets - non-flush, Toilets, Water supply",,No dogs. <a href=""https://www.doc.govt.nz/parks-and-recreation/know-before-you-go/pets-on-conservati,Coastal,"Boat, Foot",Refer to DOC website for current alerts,https://www.doc.govt.nz/thumbs/large/link/7214242077f24749ad40fab4b3cf7aa6.jpg,https://www.doc.govt.nz/link/2124d532be3841019f92e15047243c9f.aspx,Located in Abel Tasman National Park,1603992,5464346,100043767,3/31/2026 9:09:44 AM,5981a6e2-b03d-448e-be87-8c9e00961a7f,1603992,5464346.00000092
185669,Kapowairua (Spirits Bay) Campsite,Cape Reinga/Te Rerenga Wairua,Northland,"Camp with lush forests and sandy beaches in close range. Kapowairua is a place to relax, enjoy and explore the great outdoors.",Standard,0,45,Yes,,"Non-powered/tent sites, Shower - cold, Toilets - flush, Water from tap - not treated, boil before use, Toilets, Water supply","Bird and wildlife watching, Diving and snorkelling, Fishing, Swimming, Walking and tramping",No dogs. <a href=""https://www.doc.govt.nz/parks-and-recreation/know-before-you-go/pets-on-conservati,Coastal,"Campervan, Car, Foot",Refer to DOC website for current alerts,https://www.doc.govt.nz/thumbs/large/link/a4f92e5a298044e78dcc6a03b60ab15c.aspx,https://www.doc.govt.nz/link/e933f73e6bf447348c39246d2fdd72ac.aspx,Located in Cape Reinga/Te Rerenga Wairua,1587447,6190362,100065347,3/31/2026 9:09:43 AM,3f07d281-3cfa-49e6-be75-e86ffc798d09,1587447,6190362.0000002
